-- phpMyAdmin SQL Dump
-- version 4.4.15.5
-- http://www.phpmyadmin.net
--
-- Хост: 127.0.0.1:3306
-- Время создания: Окт 13 2016 г., 18:02
-- Версия сервера: 5.5.48
-- Версия PHP: 5.5.33

SET SQL_MODE = "NO_AUTO_VALUE_ON_ZERO";
SET time_zone = "+00:00";


/*!40101 SET @OLD_CHARACTER_SET_CLIENT=@@CHARACTER_SET_CLIENT */;
/*!40101 SET @OLD_CHARACTER_SET_RESULTS=@@CHARACTER_SET_RESULTS */;
/*!40101 SET @OLD_COLLATION_CONNECTION=@@COLLATION_CONNECTION */;
/*!40101 SET NAMES utf8mb4 */;

--
-- База данных: `betme`
--

-- --------------------------------------------------------

--
-- Структура таблицы `alias_league`
--

CREATE TABLE IF NOT EXISTS `alias_league` (
  `id` int(11) NOT NULL,
  `alias` varchar(255) NOT NULL,
  `league_id` int(11) NOT NULL
) ENGINE=InnoDB AUTO_INCREMENT=34 DEFAULT CHARSET=utf8 PACK_KEYS=0;

--
-- Дамп данных таблицы `alias_league`
--

INSERT INTO `alias_league` (`id`, `alias`, `league_id`) VALUES
(1, 'Футбол - Евро 2016', 1),
(2, 'Футбол - Кубок Америки 2016', 2),
(3, 'Футбол - Беларусь - Чемпионат Беларуси', 3),
(5, 'Футбол - Аргентина - Примера Б Насьональ', 5),
(6, 'Футбол - Бразилия - Паулиста U20', 6),
(7, 'Футбол - Бразилия - Чемпионат U20', 7),
(8, 'Футбол - Бразилия - Чемпионат Бразилии', 8),
(9, 'Футбол - Бразилия - Чемпионат Бразилии Б', 9),
(10, 'Футбол - Испания - Испания Второй дивизион', 10),
(11, 'Футбол - Казахстан - Казахстан Премьер-Лига', 11),
(12, 'Футбол - Китай - Чемпионат Китая', 12),
(13, 'Футбол - Колумбия - Примера А дивизион', 13),
(16, 'Футбол - Латвия - Высшая лига', 14),
(17, 'Футбол - Норвегия - 1-й дивизион', 15),
(18, 'Футбол - США - ЮСЛ', 16),
(19, 'Футбол - Сингапур - Чемпионат Сингапура', 17),
(20, 'Футбол - Словакия - Первая Лига', 18),
(21, 'Футбол - Финляндия - Высшая лига', 19),
(22, 'Футбол - Финляндия - Колмонен', 20),
(23, 'Футбол - Финляндия - Первый дивизион', 21),
(24, 'Футбол - Швеция - Первая лига', 22),
(25, 'Футбол - Швеция - Первый дивизион Север', 23),
(26, 'Футбол - Южная Корея - Чемпионат Юж. Кореи', 24),
(27, 'Футбол - Япония - Чемпионат Японии', 25),
(28, 'Футбол - Япония - Чемпионат Японии 2-й дивизион', 26),
(30, 'Футбол - Аргентина - Примера Б Метрополитана', 4),
(31, 'Футбол - Венгрия - Венгрия U19 1 дивизион', 27),
(32, 'Футбол - Финляндия - Финляндия Какконен B', 28),
(33, 'Футбол - Швеция - Второй дивизион', 29);

-- --------------------------------------------------------

--
-- Структура таблицы `alias_team`
--

CREATE TABLE IF NOT EXISTS `alias_team` (
  `id` int(11) NOT NULL,
  `alias` varchar(255) NOT NULL,
  `team_id` int(11) NOT NULL
) ENGINE=InnoDB AUTO_INCREMENT=169 DEFAULT CHARSET=utf8 PACK_KEYS=0;

--
-- Дамп данных таблицы `alias_team`
--

INSERT INTO `alias_team` (`id`, `alias`, `team_id`) VALUES
(1, 'test', 1),
(2, 'Франция', 2),
(3, 'Румыния', 3),
(4, 'Албания', 4),
(5, 'Швейцария', 5),
(6, 'Уэльс', 6),
(7, 'Словакия', 7),
(8, 'Англия', 8),
(9, 'Россия', 9),
(10, 'Турция', 10),
(11, 'Хорватия', 11),
(12, 'Польша', 12),
(13, 'Сев. Ирландия', 13),
(14, 'Германия', 14),
(15, 'Украина', 15),
(16, 'Испания', 16),
(17, 'Чехия', 17),
(18, 'Ирландия', 18),
(19, 'Швеция', 19),
(20, 'Бельгия', 20),
(21, 'Италия', 21),
(23, 'Венгрия', 23),
(24, 'Португалия', 24),
(25, 'Исландия', 25),
(26, 'США', 26),
(27, 'Коста Рика', 27),
(28, 'Колумбия', 28),
(29, 'Парагвай', 29),
(30, 'Динамо Брест', 30),
(35, 'Австрия', 22),
(36, 'ololol', 1),
(37, 'Шахтер Солигорск', 31),
(38, 'Белшина Бобруйск', 32),
(39, 'Лос-Андес', 33),
(40, 'Институто', 34),
(41, 'Тальерес', 35),
(42, 'Brown de Adrogue', 36),
(43, 'Динамо Минск', 37),
(44, 'Минск', 38),
(45, 'Торпедо-БелАЗ', 39),
(46, 'Isloch', 40),
(47, 'Васко да Гама U20', 41),
(48, 'Крузейро U20', 42),
(49, 'Интернасьональ', 43),
(50, 'Америка МГ', 44),
(51, 'Понте Прета', 45),
(52, 'Чапекоензе', 46),
(53, 'Флуминенсе', 47),
(54, 'Гремио', 48),
(55, 'Сан-Паулу', 49),
(57, 'Санта Крус ПЕ', 51),
(58, 'Сантос', 52),
(59, 'Фигуэйренсе', 53),
(60, 'Фламенго', 54),
(61, 'Атлетико МЖ', 55),
(62, 'Крузейро', 56),
(63, 'Коритиба', 57),
(64, 'Спорт Ресифе', 58),
(65, 'Палмейрас', 59),
(66, 'Коринтианс', 60),
(67, 'Ботафого РЖ', 61),
(68, 'Витория БА', 62),
(69, 'Баия', 63),
(70, 'CRB', 64),
(71, 'Гойас', 65),
(72, 'Оесте', 66),
(73, 'Сампайо-Корреа', 67),
(74, 'Крициума', 68),
(75, 'Вила-Нова', 69),
(76, 'Аваи', 70),
(77, 'Жойнвил', 71),
(78, 'Наутико', 72),
(79, 'Парана', 73),
(80, 'Атлетико Гойяненсе', 74),
(81, 'Васку де Гама', 75),
(82, 'Брагантино СП', 76),
(83, 'Пайсанду', 77),
(84, 'Луверденсе', 78),
(85, 'Сеара', 79),
(86, 'Химнастик', 80),
(87, 'Осасуна', 81),
(88, 'Астана', 82),
(89, 'ФК Жетысу', 83),
(90, 'Ханчжоу Гринтоун', 84),
(91, 'Гуанчжоу', 85),
(92, 'Тяньцзинь Тэда', 86),
(93, 'Хэнань', 87),
(94, 'Шанхай Шеньхуа', 88),
(95, 'Hebei CFFC', 89),
(96, 'Шандонг Луненг', 90),
(97, 'Бэйцзин Гоань', 91),
(98, 'Чанчунь Ятай', 92),
(99, 'Индепендьенте Медельин', 93),
(100, 'Уругвай', 94),
(101, 'Венесуэла', 95),
(102, 'Мексика', 96),
(103, 'Ямайка', 97),
(104, 'Чили', 98),
(105, 'Боливия', 99),
(106, 'Аргентина', 100),
(107, 'Панама', 101),
(108, 'Эквадор', 102),
(109, 'Гаити', 103),
(110, 'Бразилия', 104),
(111, 'Перу', 105),
(112, 'ФК Вентспилс', 108),
(113, 'Мендален', 109),
(114, 'Асане', 110),
(115, 'Гаррисберг', 111),
(116, 'Альбирекс Ниигата', 112),
(117, 'ФК Уориорс', 113),
(118, 'Балестиер Халса', 114),
(119, 'Хоуган Юнайтед', 115),
(120, 'Нитра', 116),
(121, 'Ильвс', 117),
(122, 'ВПС', 118),
(123, 'ФК Интер', 119),
(124, 'ХИФК', 120),
(125, 'Йиппо', 121),
(126, 'КПВ', 122),
(127, 'Эргрюте', 123),
(128, 'Варберг', 124),
(129, 'Дегефорс', 125),
(130, 'ГАИС', 126),
(131, 'Сириус', 127),
(132, 'Фрей', 128),
(133, 'Варнамо', 129),
(134, 'Отвидаберг', 130),
(135, 'Хальмстад', 131),
(136, 'Люнгскиле', 132),
(137, 'Ассириска', 133),
(138, 'Сирианска ФК', 134),
(139, 'Далкурд', 135),
(140, 'Треллеборг', 136),
(141, 'Ангелхольм', 137),
(142, 'Акрополис', 138),
(143, 'Сувон Блувингз', 139),
(144, 'Инчхон Юнайтед', 140),
(145, 'Г-Осака', 141),
(146, 'Шонан', 142),
(147, 'Ниигата', 143),
(148, 'Омийа', 144),
(149, 'Ивата', 145),
(150, 'Токио', 146),
(151, 'Йокогама ФМ', 147),
(152, 'Кавасаки', 148),
(153, 'Кофу', 149),
(154, 'Фукуока', 150),
(155, 'Кобе', 151),
(156, 'Хиросима', 152),
(157, 'Кашива', 153),
(158, 'Сэндай', 154),
(159, 'Нагоя', 155),
(160, 'Тосу', 156),
(161, 'Урава', 157),
(162, 'Касима', 158),
(163, 'Ямагата', 159),
(164, 'Каматамаре Сануки', 160),
(165, 'Платенсе', 161),
(166, 'Tristan Suarez', 162),
(167, 'Audax Sao Paulo EC U20', 163),
(168, 'Sao Bernardo FC U20', 164);

-- --------------------------------------------------------

--
-- Структура таблицы `banned_league`
--

CREATE TABLE IF NOT EXISTS `banned_league` (
  `id` int(11) NOT NULL,
  `alias` varchar(255) NOT NULL,
  `bets_provider_id` int(11) NOT NULL
) ENGINE=InnoDB DEFAULT CHARSET=utf8 PACK_KEYS=0;

-- --------------------------------------------------------

--
-- Структура таблицы `bets_provider`
--

CREATE TABLE IF NOT EXISTS `bets_provider` (
  `id` int(11) NOT NULL,
  `name` varchar(255) NOT NULL,
  `base_url` varchar(255) DEFAULT NULL
) ENGINE=InnoDB AUTO_INCREMENT=2 DEFAULT CHARSET=utf8 PACK_KEYS=0;

--
-- Дамп данных таблицы `bets_provider`
--

INSERT INTO `bets_provider` (`id`, `name`, `base_url`) VALUES
(1, 'Leonbets', 'https://ru.leonbets.net');

-- --------------------------------------------------------

--
-- Структура таблицы `bet_type`
--

CREATE TABLE IF NOT EXISTS `bet_type` (
  `id` int(11) NOT NULL,
  `name` varchar(255) NOT NULL
) ENGINE=InnoDB AUTO_INCREMENT=5 DEFAULT CHARSET=utf8 PACK_KEYS=0;

--
-- Дамп данных таблицы `bet_type`
--

INSERT INTO `bet_type` (`id`, `name`) VALUES
(1, 'Манилайн'),
(2, 'Спред'),
(3, 'Больше-Меньше'),
(4, 'Двойной исход');

-- --------------------------------------------------------

--
-- Структура таблицы `event`
--

CREATE TABLE IF NOT EXISTS `event` (
  `id` int(11) NOT NULL,
  `team_home` int(11) NOT NULL,
  `team_away` int(11) NOT NULL,
  `date` datetime NOT NULL,
  `created` datetime NOT NULL,
  `league_id` int(11) NOT NULL
) ENGINE=InnoDB AUTO_INCREMENT=100 DEFAULT CHARSET=utf8 PACK_KEYS=0;

--
-- Дамп данных таблицы `event`
--

INSERT INTO `event` (`id`, `team_home`, `team_away`, `date`, `created`, `league_id`) VALUES
(2, 2, 3, '2016-06-10 22:00:00', '2016-06-05 02:13:23', 1),
(3, 4, 5, '2016-06-11 16:00:00', '2016-06-05 02:13:23', 1),
(4, 6, 7, '2016-06-11 19:00:00', '2016-06-05 02:13:23', 1),
(5, 8, 9, '2016-06-11 22:00:00', '2016-06-05 02:13:23', 1),
(6, 10, 11, '2016-06-12 16:00:00', '2016-06-05 02:13:24', 1),
(7, 12, 13, '2016-06-12 19:00:00', '2016-06-05 02:13:24', 1),
(8, 14, 15, '2016-06-12 22:00:00', '2016-06-05 02:13:24', 1),
(9, 16, 17, '2016-06-13 16:00:00', '2016-06-05 02:13:24', 1),
(10, 18, 19, '2016-06-13 19:00:00', '2016-06-05 02:13:24', 1),
(11, 20, 21, '2016-06-13 22:00:00', '2016-06-05 02:13:24', 1),
(12, 22, 23, '2016-06-14 19:00:00', '2016-06-05 02:13:24', 1),
(13, 24, 25, '2016-06-14 22:00:00', '2016-06-05 02:13:24', 1),
(14, 9, 7, '2016-06-15 16:00:00', '2016-06-05 23:27:34', 1),
(15, 3, 5, '2016-06-15 19:00:00', '2016-06-05 23:27:34', 1),
(16, 2, 4, '2016-06-15 22:00:00', '2016-06-05 23:27:34', 1),
(17, 8, 6, '2016-06-16 16:00:00', '2016-06-06 18:24:51', 1),
(18, 15, 13, '2016-06-16 19:00:00', '2016-06-06 21:03:10', 1),
(19, 14, 12, '2016-06-16 22:00:00', '2016-06-06 22:14:59', 1),
(20, 21, 19, '2016-06-17 16:00:00', '2016-06-07 21:35:52', 1),
(21, 17, 11, '2016-06-17 19:00:00', '2016-06-07 21:35:52', 1),
(22, 16, 10, '2016-06-17 22:00:00', '2016-06-07 22:14:34', 1),
(25, 26, 27, '2016-06-08 03:00:00', '2016-06-08 02:07:35', 2),
(26, 28, 29, '2016-06-08 05:30:00', '2016-06-08 03:06:48', 2),
(27, 28, 27, '2016-06-12 04:00:00', '2016-06-08 03:08:12', 2),
(28, 20, 18, '2016-06-18 16:00:00', '2016-06-08 23:33:40', 1),
(29, 25, 23, '2016-06-18 19:00:00', '2016-06-08 23:33:40', 1),
(30, 24, 22, '2016-06-18 22:00:00', '2016-06-08 23:33:40', 1),
(31, 31, 32, '2016-06-10 18:30:00', '2016-06-09 19:20:14', 3),
(32, 3, 4, '2016-06-19 22:00:00', '2016-06-09 22:26:45', 1),
(33, 5, 2, '2016-06-19 22:00:00', '2016-06-09 22:26:45', 1),
(34, 26, 29, '2016-06-12 02:00:00', '2016-06-10 00:43:26', 2),
(35, 33, 34, '2016-06-11 21:30:00', '2016-06-10 01:45:14', 5),
(36, 35, 36, '2016-06-12 01:00:00', '2016-06-10 01:45:14', 5),
(37, 37, 38, '2016-06-10 19:00:00', '2016-06-10 01:45:15', 3),
(38, 39, 40, '2016-06-10 19:30:00', '2016-06-10 01:45:15', 3),
(39, 41, 42, '2016-06-10 02:00:00', '2016-06-10 01:45:16', 7),
(40, 43, 44, '2016-06-11 22:00:00', '2016-06-10 01:45:17', 8),
(41, 45, 46, '2016-06-11 22:00:00', '2016-06-10 01:45:17', 8),
(42, 47, 48, '2016-06-12 00:30:00', '2016-06-10 01:45:17', 8),
(43, 49, 50, '2016-06-12 03:00:00', '2016-06-10 01:45:17', 8),
(44, 51, 52, '2016-06-12 17:00:00', '2016-06-10 01:45:17', 8),
(45, 53, 54, '2016-06-12 17:00:00', '2016-06-10 01:45:17', 8),
(46, 55, 56, '2016-06-12 22:00:00', '2016-06-10 01:45:17', 8),
(47, 57, 58, '2016-06-12 22:00:00', '2016-06-10 01:45:17', 8),
(48, 59, 60, '2016-06-12 22:00:00', '2016-06-10 01:45:17', 8),
(49, 61, 62, '2016-06-13 01:00:00', '2016-06-10 01:45:17', 8),
(50, 63, 64, '2016-06-11 01:15:00', '2016-06-10 01:45:18', 9),
(51, 65, 66, '2016-06-11 02:30:00', '2016-06-10 01:45:18', 9),
(52, 67, 68, '2016-06-11 02:30:00', '2016-06-10 01:45:18', 9),
(53, 70, 71, '2016-06-11 22:00:00', '2016-06-10 01:45:18', 9),
(54, 72, 73, '2016-06-11 22:00:00', '2016-06-10 01:45:18', 9),
(55, 74, 75, '2016-06-11 22:30:00', '2016-06-10 01:45:18', 9),
(56, 76, 77, '2016-06-12 03:00:00', '2016-06-10 01:45:18', 9),
(57, 78, 79, '2016-06-12 03:00:00', '2016-06-10 01:45:18', 9),
(58, 80, 81, '2016-06-11 20:00:00', '2016-06-10 01:45:22', 10),
(59, 82, 83, '2016-06-11 13:00:00', '2016-06-10 01:45:22', 11),
(60, 87, 88, '2016-06-11 14:35:00', '2016-06-10 01:45:23', 12),
(61, 89, 90, '2016-06-12 14:35:00', '2016-06-10 01:45:23', 12),
(62, 91, 92, '2016-06-12 14:35:00', '2016-06-10 01:45:23', 12),
(63, 94, 95, '2016-06-10 02:30:00', '2016-06-10 01:45:25', 2),
(64, 96, 97, '2016-06-10 05:00:00', '2016-06-10 01:45:25', 2),
(65, 98, 99, '2016-06-11 02:00:00', '2016-06-10 01:45:25', 2),
(66, 100, 101, '2016-06-11 04:30:00', '2016-06-10 01:45:25', 2),
(67, 102, 103, '2016-06-13 01:30:00', '2016-06-10 01:45:25', 2),
(68, 104, 105, '2016-06-13 03:30:00', '2016-06-10 01:45:25', 2),
(69, 109, 110, '2016-06-11 18:00:00', '2016-06-10 01:45:26', 15),
(70, 112, 113, '2016-06-10 15:00:00', '2016-06-10 01:45:27', 17),
(71, 114, 115, '2016-06-10 15:00:00', '2016-06-10 01:45:28', 17),
(72, 117, 118, '2016-06-12 13:30:00', '2016-06-10 01:45:28', 19),
(73, 119, 120, '2016-06-12 13:30:00', '2016-06-10 01:45:28', 19),
(74, 124, 125, '2016-06-11 17:00:00', '2016-06-10 01:45:31', 22),
(75, 126, 127, '2016-06-11 17:00:00', '2016-06-10 01:45:31', 22),
(76, 128, 129, '2016-06-11 17:00:00', '2016-06-10 01:45:31', 22),
(77, 130, 131, '2016-06-11 19:00:00', '2016-06-10 01:45:31', 22),
(78, 132, 133, '2016-06-12 17:00:00', '2016-06-10 01:45:31', 22),
(79, 134, 135, '2016-06-12 19:00:00', '2016-06-10 01:45:31', 22),
(80, 136, 137, '2016-06-12 19:00:00', '2016-06-10 01:45:31', 22),
(81, 141, 142, '2016-06-11 08:00:00', '2016-06-10 01:45:32', 25),
(82, 143, 144, '2016-06-11 08:00:00', '2016-06-10 01:45:32', 25),
(83, 145, 146, '2016-06-11 09:00:00', '2016-06-10 01:45:33', 25),
(84, 147, 148, '2016-06-11 09:00:00', '2016-06-10 01:45:33', 25),
(85, 149, 150, '2016-06-11 09:30:00', '2016-06-10 01:45:33', 25),
(86, 151, 152, '2016-06-11 10:00:00', '2016-06-10 01:45:33', 25),
(87, 153, 154, '2016-06-11 13:00:00', '2016-06-10 01:45:33', 25),
(88, 155, 156, '2016-06-11 13:00:00', '2016-06-10 01:45:33', 25),
(89, 157, 158, '2016-06-11 13:00:00', '2016-06-10 01:45:33', 25),
(90, 159, 160, '2016-06-12 08:00:00', '2016-06-10 01:45:33', 26),
(91, 162, 161, '2016-06-10 21:30:00', '2016-06-10 01:58:26', 4),
(92, 163, 164, '2016-06-10 21:00:00', '2016-06-10 01:58:28', 6),
(93, 96, 95, '2016-06-14 03:00:00', '2016-06-10 02:41:03', 2),
(94, 94, 97, '2016-06-14 05:00:00', '2016-06-10 16:22:12', 2),
(95, 100, 99, '2016-06-15 05:00:00', '2016-06-10 16:22:12', 2),
(96, 139, 140, '2016-06-11 12:00:00', '2016-06-10 16:22:23', 24),
(97, 9, 6, '2016-06-20 22:00:00', '2016-06-11 00:24:48', 1),
(98, 7, 8, '2016-06-20 22:00:00', '2016-06-11 00:24:48', 1),
(99, 98, 101, '2016-06-15 03:00:00', '2016-06-11 01:52:10', 2);

-- --------------------------------------------------------

--
-- Структура таблицы `league`
--

CREATE TABLE IF NOT EXISTS `league` (
  `id` int(11) NOT NULL,
  `name` varchar(255) NOT NULL,
  `sport_id` int(11) NOT NULL
) ENGINE=InnoDB AUTO_INCREMENT=30 DEFAULT CHARSET=utf8 PACK_KEYS=0;

--
-- Дамп данных таблицы `league`
--

INSERT INTO `league` (`id`, `name`, `sport_id`) VALUES
(1, 'Евро 2016', 1),
(2, 'Кубок Америки', 1),
(3, 'Чемпионат Беларуси', 1),
(4, 'Аргентина - Примера Б Метрополитана', 1),
(5, 'Аргентина - Примера Б Насьональ', 1),
(6, 'Бразилия - Паулиста U20', 1),
(7, 'Бразилия - Чемпионат U20', 1),
(8, 'Бразилия - Чемпионат Бразилии', 1),
(9, 'Бразилия - Чемпионат Бразилии Б', 1),
(10, 'Испания - Испания Второй дивизион', 1),
(11, 'Казахстан - Казахстан Премьер-Лига', 1),
(12, 'Китай - Чемпионат Китая', 1),
(13, 'Колумбия - Примера А дивизион', 1),
(14, 'Латвия - Высшая лига', 1),
(15, 'Норвегия - 1-й дивизион', 1),
(16, 'США - ЮСЛ', 1),
(17, 'Сингапур - Чемпионат Сингапура', 1),
(18, 'Словакия - Первая Лига', 1),
(19, 'Финляндия - Высшая лига', 1),
(20, 'Финляндия - Колмонен', 1),
(21, 'Финляндия - Первый дивизион', 1),
(22, 'Швеция - Первая лига', 1),
(23, 'Швеция - Первый дивизион Север', 1),
(24, 'Южная Корея - Чемпионат Юж. Кореи', 1),
(25, 'Япония - Чемпионат Японии', 1),
(26, 'Япония - Чемпионат Японии 2-й дивизион', 1),
(27, 'Венгрия U19 1 дивизион', 1),
(28, 'Финляндия Какконен B', 1),
(29, 'Швеция - Второй дивизион', 1);

-- --------------------------------------------------------

--
-- Структура таблицы `line`
--

CREATE TABLE IF NOT EXISTS `line` (
  `id` int(11) NOT NULL,
  `team_home` float(9,3) NOT NULL,
  `draw` float(9,3) DEFAULT NULL,
  `team_away` float(9,3) NOT NULL,
  `event_id` int(11) NOT NULL,
  `count_points` float(9,3) DEFAULT NULL,
  `bet_type_id` int(11) NOT NULL,
  `created` datetime NOT NULL,
  `updated` datetime NOT NULL
) ENGINE=InnoDB AUTO_INCREMENT=749 DEFAULT CHARSET=utf8 PACK_KEYS=0;

--
-- Дамп данных таблицы `line`
--

INSERT INTO `line` (`id`, `team_home`, `draw`, `team_away`, `event_id`, `count_points`, `bet_type_id`, `created`, `updated`) VALUES
(1, 1.340, 4.690, 11.350, 2, NULL, 1, '2016-06-05 02:13:23', '2016-06-10 17:18:40'),
(2, 5.130, 3.160, 1.770, 3, NULL, 1, '2016-06-05 02:13:23', '2016-06-11 01:56:58'),
(3, 2.840, 2.840, 2.670, 4, NULL, 1, '2016-06-05 02:13:23', '2016-06-11 01:56:58'),
(4, 1.880, 3.110, 4.600, 5, NULL, 1, '2016-06-05 02:13:23', '2016-06-11 01:56:58'),
(5, 3.610, 3.110, 2.060, 6, NULL, 1, '2016-06-05 02:13:24', '2016-06-11 01:56:58'),
(6, 1.660, 3.340, 5.680, 7, NULL, 1, '2016-06-05 02:13:24', '2016-06-11 01:56:58'),
(7, 1.560, 3.700, 6.400, 8, NULL, 1, '2016-06-05 02:13:24', '2016-06-11 01:56:58'),
(8, 1.460, 3.970, 7.660, 9, NULL, 1, '2016-06-05 02:13:24', '2016-06-11 01:56:58'),
(9, 3.200, 2.890, 2.350, 10, NULL, 1, '2016-06-05 02:13:24', '2016-06-11 01:56:58'),
(10, 2.440, 2.930, 3.070, 11, NULL, 1, '2016-06-05 02:13:24', '2016-06-11 01:56:58'),
(11, 1.670, 3.430, 5.410, 12, NULL, 1, '2016-06-05 02:13:24', '2016-06-11 01:56:58'),
(12, 1.540, 3.560, 7.120, 13, NULL, 1, '2016-06-05 02:13:24', '2016-06-11 01:56:58'),
(13, 2.110, 3.070, 3.560, 14, NULL, 1, '2016-06-05 23:27:34', '2016-06-11 01:56:58'),
(14, 3.610, 3.070, 2.080, 15, NULL, 1, '2016-06-05 23:27:34', '2016-06-11 01:56:58'),
(15, 1.230, 5.410, 11.350, 16, NULL, 1, '2016-06-05 23:27:34', '2016-06-11 01:56:58'),
(16, 1.540, 3.560, 6.400, 17, NULL, 1, '2016-06-06 18:24:51', '2016-06-11 01:56:58'),
(17, 1.700, 3.340, 5.320, 18, NULL, 1, '2016-06-06 21:03:10', '2016-06-11 01:56:58'),
(18, 1.540, 3.790, 5.320, 19, NULL, 1, '2016-06-06 22:15:00', '2016-06-11 01:56:58'),
(19, 1.970, 3.110, 3.610, 20, NULL, 1, '2016-06-07 21:35:52', '2016-06-11 01:56:58'),
(20, 3.470, 3.200, 2.000, 21, NULL, 1, '2016-06-07 21:35:52', '2016-06-11 01:56:58'),
(21, 1.500, 3.790, 4.960, 22, NULL, 1, '2016-06-07 22:14:34', '2016-06-11 01:56:58'),
(22, 1.070, 1.200, 3.300, 2, NULL, 4, '2016-06-07 23:49:33', '2016-06-10 17:18:40'),
(23, 2.040, 1.360, 1.170, 3, NULL, 4, '2016-06-07 23:49:34', '2016-06-11 00:27:25'),
(24, 1.460, 1.420, 1.430, 4, NULL, 4, '2016-06-07 23:49:40', '2016-06-11 00:27:25'),
(25, 1.210, 1.360, 1.920, 5, NULL, 4, '2016-06-07 23:49:40', '2016-06-11 00:27:25'),
(26, 1.710, 1.370, 1.290, 6, NULL, 4, '2016-06-07 23:49:40', '2016-06-11 00:27:26'),
(27, 1.150, 1.330, 2.170, 7, NULL, 4, '2016-06-07 23:49:40', '2016-06-11 00:27:26'),
(28, 1.140, 1.270, 2.400, 8, NULL, 4, '2016-06-07 23:49:40', '2016-06-11 00:27:26'),
(29, 1.100, 1.250, 2.690, 9, NULL, 4, '2016-06-07 23:49:40', '2016-06-11 00:27:26'),
(30, 1.570, 1.410, 1.350, 10, NULL, 4, '2016-06-07 23:49:40', '2016-06-11 00:27:26'),
(31, 1.360, 1.400, 1.540, 11, NULL, 4, '2016-06-07 23:49:40', '2016-06-11 00:27:26'),
(32, 1.150, 1.310, 2.130, 12, NULL, 4, '2016-06-07 23:49:41', '2016-06-11 00:27:26'),
(33, 1.290, 1.360, 1.700, 14, NULL, 4, '2016-06-07 23:49:41', '2016-06-11 00:27:26'),
(34, 1.110, 1.290, 2.400, 13, NULL, 4, '2016-06-08 00:23:25', '2016-06-11 00:27:26'),
(35, 10.000, NULL, 1.070, 2, 0.500, 3, '2016-06-08 00:25:14', '2016-06-10 17:18:40'),
(36, 3.160, NULL, 1.360, 2, 1.500, 3, '2016-06-08 00:25:14', '2016-06-10 17:18:40'),
(37, 1.720, NULL, 2.080, 2, 2.500, 3, '2016-06-08 00:25:14', '2016-06-10 17:18:40'),
(38, 1.270, NULL, 3.790, 2, 3.500, 3, '2016-06-08 00:25:14', '2016-06-10 17:18:40'),
(39, 6.580, NULL, 1.130, 3, 0.500, 3, '2016-06-08 00:25:14', '2016-06-11 00:27:25'),
(40, 2.380, NULL, 1.540, 3, 1.500, 3, '2016-06-08 00:25:14', '2016-06-11 00:27:25'),
(41, 1.460, NULL, 2.650, 3, 2.500, 3, '2016-06-08 00:25:14', '2016-06-11 00:27:25'),
(42, 1.160, NULL, 5.500, 3, 3.500, 3, '2016-06-08 00:25:14', '2016-06-11 00:27:25'),
(43, 5.860, NULL, 1.140, 4, 0.500, 3, '2016-06-08 00:25:14', '2016-06-11 00:27:25'),
(44, 2.290, NULL, 1.560, 4, 1.500, 3, '2016-06-08 00:25:14', '2016-06-11 00:27:25'),
(45, 1.420, NULL, 2.800, 4, 2.500, 3, '2016-06-08 00:25:14', '2016-06-11 00:27:25'),
(46, 1.150, NULL, 5.860, 4, 3.500, 3, '2016-06-08 00:25:14', '2016-06-11 00:27:25'),
(47, 6.580, NULL, 1.120, 5, 0.500, 3, '2016-06-08 00:25:14', '2016-06-11 00:27:25'),
(48, 2.510, NULL, 1.510, 5, 1.500, 3, '2016-06-08 00:25:14', '2016-06-11 00:27:25'),
(49, 1.540, NULL, 2.440, 5, 2.500, 3, '2016-06-08 00:25:14', '2016-06-11 00:27:25'),
(50, 1.180, NULL, 4.870, 5, 3.500, 3, '2016-06-08 00:25:14', '2016-06-11 00:27:25'),
(51, 7.480, NULL, 1.100, 6, 0.500, 3, '2016-06-08 00:25:14', '2016-06-11 00:27:26'),
(52, 2.760, NULL, 1.400, 6, 1.500, 3, '2016-06-08 00:25:14', '2016-06-11 00:27:26'),
(53, 1.590, NULL, 2.220, 6, 2.500, 3, '2016-06-08 00:25:14', '2016-06-11 00:27:26'),
(54, 1.210, NULL, 4.240, 6, 3.500, 3, '2016-06-08 00:25:14', '2016-06-11 00:27:26'),
(55, 7.300, NULL, 1.100, 7, 0.500, 3, '2016-06-08 00:25:14', '2016-06-11 00:27:26'),
(56, 2.690, NULL, 1.410, 7, 1.500, 3, '2016-06-08 00:25:14', '2016-06-11 00:27:26'),
(57, 1.560, NULL, 2.270, 7, 2.500, 3, '2016-06-08 00:25:14', '2016-06-11 00:27:26'),
(58, 1.200, NULL, 4.330, 7, 3.500, 3, '2016-06-08 00:25:14', '2016-06-11 00:27:26'),
(59, 10.000, NULL, 1.060, 8, 0.500, 3, '2016-06-08 00:25:14', '2016-06-11 00:27:26'),
(60, 3.430, NULL, 1.280, 8, 1.500, 3, '2016-06-08 00:25:14', '2016-06-11 00:27:26'),
(61, 1.820, NULL, 1.900, 8, 2.500, 3, '2016-06-08 00:25:14', '2016-06-11 00:27:26'),
(62, 1.320, NULL, 3.200, 8, 3.500, 3, '2016-06-08 00:25:14', '2016-06-11 00:27:26'),
(63, 7.480, NULL, 1.060, 9, 0.500, 3, '2016-06-08 00:25:14', '2016-06-11 00:27:26'),
(64, 3.110, NULL, 1.330, 9, 1.500, 3, '2016-06-08 00:25:14', '2016-06-11 00:27:26'),
(65, 1.270, NULL, 3.380, 9, 3.500, 3, '2016-06-08 00:25:14', '2016-06-11 00:27:26'),
(66, 1.090, NULL, 6.580, 9, 4.500, 3, '2016-06-08 00:25:14', '2016-06-11 00:27:26'),
(67, 5.680, NULL, 1.110, 10, 0.500, 3, '2016-06-08 00:25:14', '2016-06-11 00:27:26'),
(68, 2.360, NULL, 1.490, 10, 1.500, 3, '2016-06-08 00:25:14', '2016-06-11 00:27:26'),
(69, 1.460, NULL, 2.530, 10, 2.500, 3, '2016-06-08 00:25:14', '2016-06-11 00:27:26'),
(70, 1.110, NULL, 4.420, 10, 3.500, 3, '2016-06-08 00:25:14', '2016-06-11 00:27:26'),
(71, 2.470, NULL, 1.480, 11, 1.500, 3, '2016-06-08 00:25:14', '2016-06-11 00:27:26'),
(72, 1.470, NULL, 2.490, 11, 2.500, 3, '2016-06-08 00:25:14', '2016-06-11 00:27:26'),
(73, 1.110, NULL, 4.420, 11, 3.500, 3, '2016-06-08 00:25:14', '2016-06-11 00:27:26'),
(74, 6.580, NULL, 1.090, 12, 0.500, 3, '2016-06-08 00:25:14', '2016-06-11 00:27:26'),
(75, 2.720, NULL, 1.380, 12, 1.500, 3, '2016-06-08 00:25:14', '2016-06-11 00:27:26'),
(76, 1.550, NULL, 2.180, 12, 2.500, 3, '2016-06-08 00:25:14', '2016-06-11 00:27:26'),
(77, 1.200, NULL, 3.880, 12, 3.500, 3, '2016-06-08 00:25:14', '2016-06-11 00:27:26'),
(78, 6.580, NULL, 1.090, 13, 0.500, 3, '2016-06-08 00:25:14', '2016-06-11 00:27:26'),
(79, 2.560, NULL, 1.400, 13, 1.500, 3, '2016-06-08 00:25:14', '2016-06-11 00:27:26'),
(80, 1.560, NULL, 2.260, 13, 2.500, 3, '2016-06-08 00:25:14', '2016-06-11 00:27:26'),
(81, 1.200, NULL, 4.330, 13, 3.500, 3, '2016-06-08 00:25:14', '2016-06-11 00:27:26'),
(82, 2.560, NULL, 1.450, 14, 1.500, 3, '2016-06-08 00:25:14', '2016-06-11 00:27:26'),
(83, 1.490, NULL, 2.310, 14, 2.500, 3, '2016-06-08 00:25:14', '2016-06-11 00:27:26'),
(84, 2.440, NULL, 1.420, 15, 1.500, 3, '2016-06-08 00:25:14', '2016-06-11 00:27:26'),
(85, 1.460, NULL, 2.360, 15, 2.500, 3, '2016-06-08 00:25:14', '2016-06-11 00:27:26'),
(86, 7.120, NULL, 1.080, 17, 0.500, 3, '2016-06-08 00:25:14', '2016-06-08 01:47:26'),
(87, 2.620, NULL, 1.390, 17, 1.500, 3, '2016-06-08 00:25:14', '2016-06-11 00:27:26'),
(88, 1.590, NULL, 2.150, 17, 2.500, 3, '2016-06-08 00:25:14', '2016-06-11 00:27:26'),
(89, 1.200, NULL, 3.970, 17, 3.500, 3, '2016-06-08 00:25:14', '2016-06-11 00:27:26'),
(90, 6.220, NULL, 1.100, 18, 0.500, 3, '2016-06-08 00:25:14', '2016-06-11 00:27:26'),
(91, 2.440, NULL, 1.450, 18, 1.500, 3, '2016-06-08 00:25:14', '2016-06-11 00:27:26'),
(92, 1.450, NULL, 2.440, 18, 2.500, 3, '2016-06-08 00:25:14', '2016-06-11 00:27:26'),
(93, 1.120, NULL, 4.240, 18, 3.500, 3, '2016-06-08 00:25:14', '2016-06-11 00:27:26'),
(94, 9.550, NULL, 1.050, 19, 0.500, 3, '2016-06-08 00:25:14', '2016-06-11 00:27:26'),
(95, 3.650, NULL, 1.180, 19, 1.500, 3, '2016-06-08 00:25:14', '2016-06-11 00:27:26'),
(96, 1.910, NULL, 1.670, 19, 2.500, 3, '2016-06-08 00:25:14', '2016-06-11 00:27:26'),
(97, 1.430, NULL, 2.650, 19, 3.500, 3, '2016-06-08 00:25:14', '2016-06-11 00:27:26'),
(98, 6.220, NULL, 1.110, 20, 0.500, 3, '2016-06-08 00:25:14', '2016-06-11 00:27:26'),
(99, 2.330, NULL, 1.440, 20, 1.500, 3, '2016-06-08 00:25:14', '2016-06-11 00:27:26'),
(100, 1.430, NULL, 2.310, 20, 2.500, 3, '2016-06-08 00:25:14', '2016-06-11 00:27:26'),
(101, 1.100, NULL, 4.420, 20, 3.500, 3, '2016-06-08 00:25:14', '2016-06-11 00:27:26'),
(102, 6.580, NULL, 1.090, 21, 0.500, 3, '2016-06-08 00:25:14', '2016-06-11 00:27:26'),
(103, 2.510, NULL, 1.380, 21, 1.500, 3, '2016-06-08 00:25:14', '2016-06-11 00:27:26'),
(104, 1.490, NULL, 2.200, 21, 2.500, 3, '2016-06-08 00:25:14', '2016-06-11 00:27:26'),
(105, 1.160, NULL, 3.970, 21, 3.500, 3, '2016-06-08 00:25:14', '2016-06-11 00:27:26'),
(106, 8.020, NULL, 1.060, 22, 0.500, 3, '2016-06-08 00:25:14', '2016-06-11 00:27:26'),
(107, 2.930, NULL, 1.280, 22, 1.500, 3, '2016-06-08 00:25:15', '2016-06-11 00:27:26'),
(108, 1.650, NULL, 1.900, 22, 2.500, 3, '2016-06-08 00:25:15', '2016-06-11 00:27:26'),
(109, 1.230, NULL, 3.340, 22, 3.500, 3, '2016-06-08 00:25:15', '2016-06-11 00:27:26'),
(110, 1.140, NULL, 4.060, 14, 3.500, 3, '2016-06-08 01:47:26', '2016-06-11 00:27:26'),
(111, 1.120, NULL, 4.240, 15, 3.500, 3, '2016-06-08 01:47:26', '2016-06-11 00:27:26'),
(124, 1.780, 3.290, 4.780, 25, NULL, 1, '2016-06-08 02:07:35', '2016-06-08 02:39:32'),
(125, 1.200, 1.330, 2.000, 25, NULL, 4, '2016-06-08 02:07:35', '2016-06-08 02:39:32'),
(126, 8.380, NULL, 1.090, 25, 0.500, 3, '2016-06-08 02:07:35', '2016-06-08 02:39:32'),
(127, 2.760, NULL, 1.450, 25, 1.500, 3, '2016-06-08 02:07:35', '2016-06-08 02:39:32'),
(128, 1.590, NULL, 2.330, 25, 2.500, 3, '2016-06-08 02:07:35', '2016-06-08 02:39:32'),
(129, 1.210, NULL, 4.600, 25, 3.500, 3, '2016-06-08 02:07:35', '2016-06-08 02:39:32'),
(130, 1.850, 3.110, 4.780, 26, NULL, 1, '2016-06-08 03:06:48', '2016-06-08 03:27:15'),
(131, 1.200, 1.360, 1.920, 26, NULL, 4, '2016-06-08 03:07:05', '2016-06-08 03:27:15'),
(132, 7.840, NULL, 1.100, 26, 0.500, 3, '2016-06-08 03:07:05', '2016-06-08 03:27:15'),
(133, 2.650, NULL, 1.470, 26, 1.500, 3, '2016-06-08 03:07:05', '2016-06-08 03:27:15'),
(134, 1.520, NULL, 2.490, 26, 2.500, 3, '2016-06-08 03:07:05', '2016-06-08 03:27:15'),
(135, 1.190, NULL, 4.870, 26, 3.500, 3, '2016-06-08 03:07:05', '2016-06-08 03:27:15'),
(136, 1.540, 3.790, 5.860, 27, NULL, 1, '2016-06-08 03:08:12', '2016-06-11 01:57:12'),
(137, 1.060, NULL, 11.350, 26, 4.500, 3, '2016-06-08 03:25:02', '2016-06-08 03:27:15'),
(138, 1.850, NULL, 1.920, 26, -0.500, 2, '2016-06-08 03:25:05', '2016-06-08 03:27:23'),
(139, 1.580, NULL, 2.340, 26, -0.250, 2, '2016-06-08 03:25:05', '2016-06-08 03:27:23'),
(140, 1.320, NULL, 3.370, 26, 0.000, 2, '2016-06-08 03:25:05', '2016-06-08 03:27:23'),
(141, 1.100, NULL, 8.200, 2, 4.500, 3, '2016-06-08 23:33:39', '2016-06-10 17:18:40'),
(142, 1.020, NULL, 19.900, 2, 5.500, 3, '2016-06-08 23:33:39', '2016-06-10 17:18:40'),
(143, 1.340, NULL, 3.350, 2, -0.500, 2, '2016-06-08 23:33:39', '2016-06-10 17:18:40'),
(144, 1.210, NULL, 4.650, 2, -0.250, 2, '2016-06-08 23:33:39', '2016-06-10 17:18:40'),
(145, 1.080, NULL, 9.130, 2, 0.000, 2, '2016-06-08 23:33:39', '2016-06-10 17:18:40'),
(146, 1.040, NULL, 13.600, 3, 4.500, 3, '2016-06-08 23:33:39', '2016-06-11 00:27:25'),
(147, 1.060, NULL, 10.900, 5, 4.500, 3, '2016-06-08 23:33:39', '2016-06-11 00:27:25'),
(148, 1.010, NULL, 20.800, 5, 5.500, 3, '2016-06-08 23:33:39', '2016-06-10 17:18:41'),
(149, 1.860, NULL, 1.920, 5, -0.500, 2, '2016-06-08 23:33:39', '2016-06-11 00:27:25'),
(150, 1.600, NULL, 2.310, 5, -0.250, 2, '2016-06-08 23:33:39', '2016-06-11 00:27:25'),
(151, 1.340, NULL, 3.270, 5, 0.000, 2, '2016-06-08 23:33:39', '2016-06-11 00:27:25'),
(152, 1.060, NULL, 9.100, 6, 4.500, 3, '2016-06-08 23:33:39', '2016-06-11 00:27:26'),
(153, 1.010, NULL, 23.500, 6, 5.500, 3, '2016-06-08 23:33:39', '2016-06-11 00:27:26'),
(154, 1.060, NULL, 9.100, 7, 4.500, 3, '2016-06-08 23:33:39', '2016-06-11 00:27:26'),
(155, 1.010, NULL, 23.500, 7, 5.500, 3, '2016-06-08 23:33:39', '2016-06-11 00:27:26'),
(156, 1.100, NULL, 6.040, 8, 4.500, 3, '2016-06-08 23:33:39', '2016-06-11 00:27:26'),
(157, 1.720, NULL, 1.990, 9, 2.500, 3, '2016-06-08 23:33:39', '2016-06-11 00:27:26'),
(158, 1.020, NULL, 13.150, 9, 5.500, 3, '2016-06-08 23:33:39', '2016-06-11 00:27:26'),
(159, 1.060, NULL, 8.020, 13, 4.500, 3, '2016-06-08 23:33:40', '2016-06-11 00:27:26'),
(160, 1.010, NULL, 23.500, 13, 5.500, 3, '2016-06-08 23:33:40', '2016-06-11 00:27:26'),
(161, 3.470, NULL, 1.210, 16, 1.500, 3, '2016-06-08 23:33:40', '2016-06-11 00:27:26'),
(162, 1.880, NULL, 1.700, 16, 2.500, 3, '2016-06-08 23:33:40', '2016-06-11 00:27:26'),
(163, 1.300, NULL, 2.760, 16, 3.500, 3, '2016-06-08 23:33:40', '2016-06-11 00:27:26'),
(164, 1.090, NULL, 4.960, 16, 4.500, 3, '2016-06-08 23:33:40', '2016-06-11 00:27:26'),
(165, 1.030, NULL, 9.550, 16, 5.500, 3, '2016-06-08 23:33:40', '2016-06-11 00:27:26'),
(166, 1.110, 1.290, 2.260, 17, NULL, 4, '2016-06-08 23:33:40', '2016-06-11 00:27:26'),
(167, 1.120, NULL, 4.960, 19, 4.500, 3, '2016-06-08 23:33:40', '2016-06-11 00:27:26'),
(168, 1.040, NULL, 8.920, 19, 5.500, 3, '2016-06-08 23:33:40', '2016-06-11 00:27:26'),
(169, 1.040, NULL, 8.920, 20, 4.500, 3, '2016-06-08 23:33:40', '2016-06-11 00:27:26'),
(170, 1.050, NULL, 8.020, 21, 4.500, 3, '2016-06-08 23:33:40', '2016-06-11 00:27:26'),
(171, 1.090, NULL, 6.220, 22, 4.500, 3, '2016-06-08 23:33:40', '2016-06-11 00:27:26'),
(172, 1.020, NULL, 11.350, 22, 5.500, 3, '2016-06-08 23:33:40', '2016-06-11 00:27:26'),
(173, 1.580, 3.650, 4.510, 28, NULL, 1, '2016-06-08 23:33:40', '2016-06-11 01:56:58'),
(174, 8.020, NULL, 1.080, 28, 0.500, 3, '2016-06-08 23:33:40', '2016-06-11 00:27:26'),
(175, 2.930, NULL, 1.300, 28, 1.500, 3, '2016-06-08 23:33:40', '2016-06-11 00:27:26'),
(176, 1.650, NULL, 1.900, 28, 2.500, 3, '2016-06-08 23:33:40', '2016-06-11 00:27:26'),
(177, 1.200, NULL, 3.340, 28, 3.500, 3, '2016-06-08 23:33:40', '2016-06-11 00:27:26'),
(178, 1.050, NULL, 6.220, 28, 4.500, 3, '2016-06-08 23:33:40', '2016-06-11 00:27:26'),
(179, 2.220, 2.980, 2.840, 29, NULL, 1, '2016-06-08 23:33:40', '2016-06-11 01:56:58'),
(180, 6.580, NULL, 1.090, 29, 0.500, 3, '2016-06-08 23:33:40', '2016-06-11 00:27:26'),
(181, 2.540, NULL, 1.380, 29, 1.500, 3, '2016-06-08 23:33:40', '2016-06-11 00:27:26'),
(182, 1.520, NULL, 2.130, 29, 2.500, 3, '2016-06-08 23:33:40', '2016-06-11 00:27:26'),
(183, 1.160, NULL, 3.880, 29, 3.500, 3, '2016-06-08 23:33:40', '2016-06-11 00:27:26'),
(184, 1.050, NULL, 8.020, 29, 4.500, 3, '2016-06-08 23:33:40', '2016-06-11 00:27:26'),
(185, 2.000, 3.110, 3.110, 30, NULL, 1, '2016-06-08 23:33:40', '2016-06-11 01:56:58'),
(186, 6.580, NULL, 1.080, 30, 0.500, 3, '2016-06-08 23:33:40', '2016-06-11 00:27:26'),
(187, 2.540, NULL, 1.380, 30, 1.500, 3, '2016-06-08 23:33:40', '2016-06-11 00:27:26'),
(188, 1.520, NULL, 2.130, 30, 2.500, 3, '2016-06-08 23:33:40', '2016-06-11 00:27:26'),
(189, 1.160, NULL, 3.880, 30, 3.500, 3, '2016-06-08 23:33:40', '2016-06-11 00:27:26'),
(190, 1.060, NULL, 8.020, 30, 4.500, 3, '2016-06-08 23:33:40', '2016-06-11 00:27:26'),
(191, 1.640, 1.360, 1.280, 15, NULL, 4, '2016-06-09 00:31:19', '2016-06-11 00:27:26'),
(192, 1.160, 1.330, 2.070, 18, NULL, 4, '2016-06-09 01:43:04', '2016-06-11 00:27:26'),
(193, 1.150, 1.250, 2.400, 19, NULL, 4, '2016-06-09 01:43:04', '2016-06-10 02:41:00'),
(194, 1.010, NULL, 13.150, 28, 5.500, 3, '2016-06-09 12:05:48', '2016-06-11 00:27:26'),
(195, 3.610, NULL, 1.290, 6, -0.500, 2, '2016-06-09 15:37:15', '2016-06-11 00:27:26'),
(196, 3.070, NULL, 1.360, 6, -0.250, 2, '2016-06-09 15:37:15', '2016-06-11 00:27:26'),
(197, 2.540, NULL, 1.500, 6, 0.000, 2, '2016-06-09 15:37:15', '2016-06-11 00:27:26'),
(198, 2.440, NULL, 1.540, 11, -0.500, 2, '2016-06-09 15:37:15', '2016-06-11 00:27:26'),
(199, 2.060, NULL, 1.730, 11, -0.250, 2, '2016-06-09 15:37:15', '2016-06-11 00:27:26'),
(200, 1.690, NULL, 2.120, 11, 0.000, 2, '2016-06-09 15:37:15', '2016-06-11 00:27:26'),
(201, 1.360, 4.240, 9.100, 31, NULL, 1, '2016-06-09 19:20:14', '2016-06-10 17:18:35'),
(202, 10.900, NULL, 1.060, 31, 0.500, 3, '2016-06-09 19:20:14', '2016-06-10 17:18:35'),
(203, 3.290, NULL, 1.290, 31, 1.500, 3, '2016-06-09 19:20:14', '2016-06-10 17:18:35'),
(204, 1.790, NULL, 1.920, 31, 2.500, 3, '2016-06-09 19:20:14', '2016-06-10 17:18:35'),
(205, 1.280, NULL, 3.290, 31, 3.500, 3, '2016-06-09 19:20:14', '2016-06-10 17:18:35'),
(206, 1.100, NULL, 7.120, 31, 4.500, 3, '2016-06-09 19:20:14', '2016-06-10 17:18:35'),
(207, 2.800, NULL, 1.430, 4, -0.500, 2, '2016-06-09 22:26:44', '2016-06-11 00:27:25'),
(208, 2.360, NULL, 1.570, 4, -0.250, 2, '2016-06-09 22:26:44', '2016-06-11 00:27:25'),
(209, 1.920, NULL, 1.840, 4, 0.000, 2, '2016-06-09 22:26:44', '2016-06-11 00:27:25'),
(210, 1.910, 3.110, 3.290, 32, NULL, 1, '2016-06-09 22:26:45', '2016-06-11 01:56:58'),
(211, 6.580, NULL, 1.080, 32, 0.500, 3, '2016-06-09 22:26:45', '2016-06-11 00:27:26'),
(212, 2.600, NULL, 1.380, 32, 1.500, 3, '2016-06-09 22:26:45', '2016-06-11 00:27:26'),
(213, 1.520, NULL, 2.130, 32, 2.500, 3, '2016-06-09 22:26:45', '2016-06-11 00:27:26'),
(214, 1.160, NULL, 3.790, 32, 3.500, 3, '2016-06-09 22:26:45', '2016-06-11 00:27:26'),
(215, 1.050, NULL, 7.480, 32, 4.500, 3, '2016-06-09 22:26:45', '2016-06-11 00:27:26'),
(216, 5.410, 3.560, 1.580, 33, NULL, 1, '2016-06-09 22:26:45', '2016-06-11 01:56:58'),
(217, 8.380, NULL, 1.050, 33, 0.500, 3, '2016-06-09 22:26:45', '2016-06-11 00:27:26'),
(218, 3.110, NULL, 1.260, 33, 1.500, 3, '2016-06-09 22:26:45', '2016-06-11 00:27:26'),
(219, 1.720, NULL, 1.830, 33, 2.500, 3, '2016-06-09 22:26:45', '2016-06-11 00:27:26'),
(220, 1.250, NULL, 2.980, 33, 3.500, 3, '2016-06-09 22:26:45', '2016-06-11 00:27:27'),
(221, 1.060, NULL, 5.680, 33, 4.500, 3, '2016-06-09 22:26:45', '2016-06-11 00:27:27'),
(222, 1.020, NULL, 10.450, 33, 5.500, 3, '2016-06-09 22:26:45', '2016-06-11 00:27:27'),
(223, 2.020, 3.290, 3.560, 34, NULL, 1, '2016-06-10 00:43:26', '2016-06-11 01:57:12'),
(224, 1.310, 1.330, 1.710, 34, NULL, 4, '2016-06-10 00:43:26', '2016-06-11 00:27:32'),
(225, 1.570, 3.560, 6.400, 35, NULL, 1, '2016-06-10 01:45:14', '2016-06-11 01:56:47'),
(226, 1.130, 1.290, 2.340, 35, NULL, 4, '2016-06-10 01:45:14', '2016-06-11 00:27:20'),
(227, 1.580, NULL, 2.340, 35, -0.500, 2, '2016-06-10 01:45:14', '2016-06-11 00:27:20'),
(228, 1.380, NULL, 2.980, 35, -0.250, 2, '2016-06-10 01:45:14', '2016-06-11 00:27:20'),
(229, 1.190, NULL, 4.780, 35, 0.000, 2, '2016-06-10 01:45:14', '2016-06-11 00:27:20'),
(230, 1.630, 3.470, 5.500, 36, NULL, 1, '2016-06-10 01:45:14', '2016-06-11 01:56:47'),
(231, 6.220, NULL, 1.070, 36, 0.500, 3, '2016-06-10 01:45:14', '2016-06-11 00:27:20'),
(232, 2.440, NULL, 1.380, 36, 1.500, 3, '2016-06-10 01:45:14', '2016-06-11 00:27:20'),
(233, 1.480, NULL, 2.150, 36, 2.500, 3, '2016-06-10 01:45:14', '2016-06-11 00:27:20'),
(234, 1.150, NULL, 3.880, 36, 3.500, 3, '2016-06-10 01:45:14', '2016-06-11 00:27:20'),
(235, 1.050, NULL, 7.480, 36, 4.500, 3, '2016-06-10 01:45:14', '2016-06-11 00:27:20'),
(236, 1.630, NULL, 2.220, 36, -0.500, 2, '2016-06-10 01:45:14', '2016-06-11 00:27:20'),
(237, 1.420, NULL, 2.760, 36, -0.250, 2, '2016-06-10 01:45:14', '2016-06-11 00:27:20'),
(238, 1.210, NULL, 3.940, 36, 0.000, 2, '2016-06-10 01:45:14', '2016-06-11 00:27:20'),
(239, 1.770, 3.430, 4.510, 37, NULL, 1, '2016-06-10 01:45:15', '2016-06-10 17:18:35'),
(240, 9.100, NULL, 1.070, 37, 0.500, 3, '2016-06-10 01:45:15', '2016-06-10 17:18:35'),
(241, 2.980, NULL, 1.370, 37, 1.500, 3, '2016-06-10 01:45:15', '2016-06-10 17:18:35'),
(242, 1.700, NULL, 2.070, 37, 2.500, 3, '2016-06-10 01:45:15', '2016-06-10 17:18:35'),
(243, 1.270, NULL, 3.700, 37, 3.500, 3, '2016-06-10 01:45:15', '2016-06-10 17:18:35'),
(244, 1.090, NULL, 8.200, 37, 4.500, 3, '2016-06-10 01:45:15', '2016-06-10 17:18:35'),
(245, 1.690, 3.520, 4.780, 38, NULL, 1, '2016-06-10 01:45:15', '2016-06-10 17:18:35'),
(246, 1.190, 1.280, 2.080, 38, NULL, 4, '2016-06-10 01:45:15', '2016-06-10 17:18:35'),
(247, 10.000, NULL, 1.070, 38, 0.500, 3, '2016-06-10 01:45:15', '2016-06-10 17:18:35'),
(248, 3.020, NULL, 1.360, 38, 1.500, 3, '2016-06-10 01:45:15', '2016-06-10 17:18:35'),
(249, 1.240, NULL, 3.970, 38, 3.500, 3, '2016-06-10 01:45:15', '2016-06-10 17:18:35'),
(250, 1.080, NULL, 9.100, 38, 4.500, 3, '2016-06-10 01:45:15', '2016-06-10 17:18:35'),
(251, 1.710, NULL, 2.120, 38, -0.500, 2, '2016-06-10 01:45:15', '2016-06-10 17:18:35'),
(252, 1.490, NULL, 2.570, 38, -0.250, 2, '2016-06-10 01:45:15', '2016-06-10 17:18:35'),
(253, 1.280, NULL, 3.610, 38, 0.000, 2, '2016-06-10 01:45:15', '2016-06-10 17:18:35'),
(254, 2.440, 3.470, 2.330, 39, NULL, 1, '2016-06-10 01:45:16', '2016-06-10 01:45:16'),
(255, 1.480, 1.240, 1.510, 39, NULL, 4, '2016-06-10 01:45:16', '2016-06-10 01:45:16'),
(256, 8.920, NULL, 1.030, 39, 0.500, 3, '2016-06-10 01:45:16', '2016-06-10 01:45:16'),
(257, 3.650, NULL, 1.190, 39, 1.500, 3, '2016-06-10 01:45:16', '2016-06-10 01:45:16'),
(258, 2.040, NULL, 1.620, 39, 2.500, 3, '2016-06-10 01:45:16', '2016-06-10 01:45:16'),
(259, 1.350, NULL, 2.560, 39, 3.500, 3, '2016-06-10 01:45:16', '2016-06-10 01:45:16'),
(260, 1.140, NULL, 4.330, 39, 4.500, 3, '2016-06-10 01:45:16', '2016-06-10 01:45:16'),
(261, 1.030, NULL, 5.860, 39, 5.500, 3, '2016-06-10 01:45:16', '2016-06-10 01:45:16'),
(262, 1.450, 3.970, 7.840, 40, NULL, 1, '2016-06-10 01:45:17', '2016-06-11 01:56:49'),
(263, 1.090, 1.250, 2.760, 40, NULL, 4, '2016-06-10 01:45:17', '2016-06-11 00:36:23'),
(264, 9.100, NULL, 1.070, 40, 0.500, 3, '2016-06-10 01:45:17', '2016-06-11 00:36:23'),
(265, 2.980, NULL, 1.360, 40, 1.500, 3, '2016-06-10 01:45:17', '2016-06-11 00:36:23'),
(266, 1.660, NULL, 2.080, 40, 2.500, 3, '2016-06-10 01:45:17', '2016-06-11 00:36:23'),
(267, 1.240, NULL, 3.790, 40, 3.500, 3, '2016-06-10 01:45:17', '2016-06-11 00:36:23'),
(268, 1.080, NULL, 8.020, 40, 4.500, 3, '2016-06-10 01:45:17', '2016-06-11 00:36:23'),
(269, 1.010, NULL, 19.000, 40, 5.500, 3, '2016-06-10 01:45:17', '2016-06-11 00:36:23'),
(270, 2.090, 3.020, 3.520, 41, NULL, 1, '2016-06-10 01:45:17', '2016-06-11 01:56:49'),
(271, 1.280, 1.360, 1.680, 41, NULL, 4, '2016-06-10 01:45:17', '2016-06-11 00:36:23'),
(272, 7.300, NULL, 1.090, 41, 0.500, 3, '2016-06-10 01:45:17', '2016-06-11 00:36:23'),
(273, 2.530, NULL, 1.460, 41, 1.500, 3, '2016-06-10 01:45:17', '2016-06-11 00:36:23'),
(274, 1.500, NULL, 2.400, 41, 2.500, 3, '2016-06-10 01:45:17', '2016-06-11 00:36:23'),
(275, 1.180, NULL, 4.780, 41, 3.500, 3, '2016-06-10 01:45:17', '2016-06-11 00:36:23'),
(276, 1.050, NULL, 10.900, 41, 4.500, 3, '2016-06-10 01:45:17', '2016-06-11 00:36:23'),
(277, 2.060, 3.020, 3.610, 42, NULL, 1, '2016-06-10 01:45:17', '2016-06-11 01:56:49'),
(278, 1.270, 1.360, 1.710, 42, NULL, 4, '2016-06-10 01:45:17', '2016-06-11 00:36:23'),
(279, 7.480, NULL, 1.090, 42, 0.500, 3, '2016-06-10 01:45:17', '2016-06-11 00:36:23'),
(280, 2.540, NULL, 1.450, 42, 1.500, 3, '2016-06-10 01:45:17', '2016-06-11 00:36:23'),
(281, 1.510, NULL, 2.360, 42, 2.500, 3, '2016-06-10 01:45:17', '2016-06-11 00:36:23'),
(282, 1.180, NULL, 4.690, 42, 3.500, 3, '2016-06-10 01:45:17', '2016-06-11 00:36:23'),
(283, 1.050, NULL, 7.840, 42, 4.500, 3, '2016-06-10 01:45:17', '2016-06-11 00:36:23'),
(284, 1.650, 3.380, 4.960, 43, NULL, 1, '2016-06-10 01:45:17', '2016-06-11 01:51:48'),
(285, 7.840, NULL, 1.080, 43, 0.500, 3, '2016-06-10 01:45:17', '2016-06-11 00:27:21'),
(286, 2.740, NULL, 1.400, 43, 1.500, 3, '2016-06-10 01:45:17', '2016-06-11 00:27:21'),
(287, 1.580, NULL, 2.150, 43, 2.500, 3, '2016-06-10 01:45:17', '2016-06-11 00:27:21'),
(288, 1.210, NULL, 4.150, 43, 3.500, 3, '2016-06-10 01:45:17', '2016-06-11 00:27:21'),
(289, 1.060, NULL, 9.100, 43, 4.500, 3, '2016-06-10 01:45:17', '2016-06-11 00:27:21'),
(290, 2.200, 3.020, 3.200, 44, NULL, 1, '2016-06-10 01:45:17', '2016-06-11 01:56:49'),
(291, 1.310, 1.360, 1.630, 44, NULL, 4, '2016-06-10 01:45:17', '2016-06-11 00:36:23'),
(292, 6.040, NULL, 1.090, 44, 0.500, 3, '2016-06-10 01:45:17', '2016-06-11 00:36:23'),
(293, 2.400, NULL, 1.370, 44, 1.500, 3, '2016-06-10 01:45:17', '2016-06-11 00:36:23'),
(294, 1.450, NULL, 2.200, 44, 2.500, 3, '2016-06-10 01:45:17', '2016-06-11 00:36:23'),
(295, 1.130, NULL, 3.880, 44, 3.500, 3, '2016-06-10 01:45:17', '2016-06-11 00:36:23'),
(296, 1.050, NULL, 7.840, 44, 4.500, 3, '2016-06-10 01:45:17', '2016-06-11 00:36:23'),
(297, 2.720, 3.020, 2.510, 45, NULL, 1, '2016-06-10 01:45:17', '2016-06-11 01:56:49'),
(298, 1.500, 1.360, 1.450, 45, NULL, 4, '2016-06-10 01:45:17', '2016-06-11 00:36:23'),
(299, 6.040, NULL, 1.090, 45, 0.500, 3, '2016-06-10 01:45:17', '2016-06-11 00:36:23'),
(300, 2.490, NULL, 1.370, 45, 1.500, 3, '2016-06-10 01:45:17', '2016-06-11 00:36:23'),
(301, 1.490, NULL, 2.130, 45, 2.500, 3, '2016-06-10 01:45:17', '2016-06-11 00:36:23'),
(302, 1.130, NULL, 3.700, 45, 3.500, 3, '2016-06-10 01:45:17', '2016-06-11 00:36:23'),
(303, 1.030, NULL, 7.300, 45, 4.500, 3, '2016-06-10 01:45:17', '2016-06-11 00:36:23'),
(304, 2.060, 3.200, 3.380, 46, NULL, 1, '2016-06-10 01:45:17', '2016-06-11 01:56:49'),
(305, 1.310, 1.350, 1.710, 46, NULL, 4, '2016-06-10 01:45:17', '2016-06-11 00:36:23'),
(306, 6.940, NULL, 1.070, 46, 0.500, 3, '2016-06-10 01:45:17', '2016-06-11 00:36:23'),
(307, 2.760, NULL, 1.300, 46, 1.500, 3, '2016-06-10 01:45:17', '2016-06-11 00:36:23'),
(308, 1.570, NULL, 1.950, 46, 2.500, 3, '2016-06-10 01:45:17', '2016-06-11 00:36:23'),
(309, 1.190, NULL, 3.380, 46, 3.500, 3, '2016-06-10 01:45:17', '2016-06-11 00:36:23'),
(310, 1.080, NULL, 6.400, 46, 4.500, 3, '2016-06-10 01:45:17', '2016-06-11 00:36:23'),
(311, 1.010, NULL, 10.900, 46, 5.500, 3, '2016-06-10 01:45:17', '2016-06-11 00:36:23'),
(312, 1.880, 3.070, 3.880, 47, NULL, 1, '2016-06-10 01:45:17', '2016-06-11 01:56:49'),
(313, 6.400, NULL, 1.080, 47, 0.500, 3, '2016-06-10 01:45:17', '2016-06-11 00:36:23'),
(314, 2.530, NULL, 1.340, 47, 1.500, 3, '2016-06-10 01:45:17', '2016-06-11 00:36:23'),
(315, 1.520, NULL, 2.080, 47, 2.500, 3, '2016-06-10 01:45:17', '2016-06-11 00:36:23'),
(316, 1.150, NULL, 3.650, 47, 3.500, 3, '2016-06-10 01:45:17', '2016-06-11 00:36:23'),
(317, 1.060, NULL, 7.300, 47, 4.500, 3, '2016-06-10 01:45:17', '2016-06-11 00:36:23'),
(318, 2.200, 3.070, 2.980, 48, NULL, 1, '2016-06-10 01:45:17', '2016-06-11 01:56:49'),
(319, 1.350, 1.360, 1.600, 48, NULL, 4, '2016-06-10 01:45:17', '2016-06-11 00:36:23'),
(320, 6.400, NULL, 1.080, 48, 0.500, 3, '2016-06-10 01:45:17', '2016-06-11 00:36:23'),
(321, 2.650, NULL, 1.340, 48, 1.500, 3, '2016-06-10 01:45:17', '2016-06-11 00:36:23'),
(322, 1.560, NULL, 2.040, 48, 2.500, 3, '2016-06-10 01:45:17', '2016-06-11 00:36:23'),
(323, 1.170, NULL, 3.560, 48, 3.500, 3, '2016-06-10 01:45:17', '2016-06-11 00:36:23'),
(324, 1.060, NULL, 6.940, 48, 4.500, 3, '2016-06-10 01:45:17', '2016-06-11 00:36:23'),
(325, 1.860, 3.110, 2.930, 49, NULL, 1, '2016-06-10 01:45:17', '2016-06-11 01:56:49'),
(326, 6.940, NULL, 1.070, 49, 0.500, 3, '2016-06-10 01:45:17', '2016-06-11 00:36:23'),
(327, 2.760, NULL, 1.300, 49, 1.500, 3, '2016-06-10 01:45:17', '2016-06-11 00:36:23'),
(328, 1.570, NULL, 1.950, 49, 2.500, 3, '2016-06-10 01:45:17', '2016-06-11 00:36:23'),
(329, 1.170, NULL, 3.380, 49, 3.500, 3, '2016-06-10 01:45:17', '2016-06-11 00:36:23'),
(330, 1.050, NULL, 6.400, 49, 4.500, 3, '2016-06-10 01:45:17', '2016-06-11 00:36:23'),
(331, 1.460, 3.970, 6.940, 50, NULL, 1, '2016-06-10 01:45:18', '2016-06-11 00:27:22'),
(332, 1.110, 1.240, 2.600, 50, NULL, 4, '2016-06-10 01:45:18', '2016-06-11 00:27:22'),
(333, 12.250, NULL, 1.050, 50, 0.500, 3, '2016-06-10 01:45:18', '2016-06-11 00:27:22'),
(334, 3.560, NULL, 1.280, 50, 1.500, 3, '2016-06-10 01:45:18', '2016-06-11 00:27:22'),
(335, 1.890, NULL, 1.830, 50, 2.500, 3, '2016-06-10 01:45:18', '2016-06-11 00:27:22'),
(336, 1.320, NULL, 3.250, 50, 3.500, 3, '2016-06-10 01:45:18', '2016-06-11 00:27:22'),
(337, 1.110, NULL, 6.940, 50, 4.500, 3, '2016-06-10 01:45:18', '2016-06-11 00:27:22'),
(338, 1.030, NULL, 14.500, 50, 5.500, 3, '2016-06-10 01:45:18', '2016-06-11 00:27:22'),
(339, 1.900, 3.250, 3.650, 51, NULL, 1, '2016-06-10 01:45:18', '2016-06-11 01:56:51'),
(340, 1.240, 1.360, 1.780, 51, NULL, 4, '2016-06-10 01:45:18', '2016-06-11 00:27:22'),
(341, 8.740, NULL, 1.090, 51, 0.500, 3, '2016-06-10 01:45:18', '2016-06-11 00:27:22'),
(342, 2.710, NULL, 1.410, 51, 1.500, 3, '2016-06-10 01:45:18', '2016-06-11 00:27:22'),
(343, 1.560, NULL, 2.240, 51, 2.500, 3, '2016-06-10 01:45:18', '2016-06-11 00:27:22'),
(344, 1.200, NULL, 4.420, 51, 3.500, 3, '2016-06-10 01:45:18', '2016-06-11 00:27:22'),
(345, 1.060, NULL, 10.000, 51, 4.500, 3, '2016-06-10 01:45:18', '2016-06-11 00:27:22'),
(346, 1.990, NULL, 1.780, 51, -0.500, 2, '2016-06-10 01:45:18', '2016-06-11 00:27:22'),
(347, 1.710, NULL, 2.080, 51, -0.250, 2, '2016-06-10 01:45:18', '2016-06-11 00:27:22'),
(348, 1.440, NULL, 2.710, 51, 0.000, 2, '2016-06-10 01:45:18', '2016-06-11 00:27:22'),
(349, 2.980, 3.160, 2.310, 52, NULL, 1, '2016-06-10 01:45:18', '2016-06-11 01:56:51'),
(350, 8.380, NULL, 1.080, 52, 0.500, 3, '2016-06-10 01:45:18', '2016-06-11 00:27:22'),
(351, 2.840, NULL, 1.370, 52, 1.500, 3, '2016-06-10 01:45:18', '2016-06-11 00:27:22'),
(352, 1.620, NULL, 2.130, 52, 2.500, 3, '2016-06-10 01:45:18', '2016-06-11 00:27:22'),
(353, 1.230, NULL, 3.970, 52, 3.500, 3, '2016-06-10 01:45:18', '2016-06-11 00:27:22'),
(354, 1.070, NULL, 8.380, 52, 4.500, 3, '2016-06-10 01:45:18', '2016-06-11 00:27:22'),
(355, 1.010, NULL, 19.000, 52, 5.500, 3, '2016-06-10 01:45:18', '2016-06-11 00:27:22'),
(356, 1.880, 3.070, 4.060, 53, NULL, 1, '2016-06-10 01:45:18', '2016-06-11 01:56:51'),
(357, 5.860, NULL, 1.090, 53, 0.500, 3, '2016-06-10 01:45:18', '2016-06-11 00:27:22'),
(358, 2.290, NULL, 1.420, 53, 1.500, 3, '2016-06-10 01:45:18', '2016-06-11 00:27:22'),
(359, 1.440, NULL, 2.290, 53, 2.500, 3, '2016-06-10 01:45:18', '2016-06-11 00:27:22'),
(360, 1.130, NULL, 4.240, 53, 3.500, 3, '2016-06-10 01:45:18', '2016-06-11 00:27:22'),
(361, 1.040, NULL, 8.380, 53, 4.500, 3, '2016-06-10 01:45:18', '2016-06-11 00:27:22'),
(362, 1.680, 3.470, 4.690, 54, NULL, 1, '2016-06-10 01:45:18', '2016-06-11 01:56:51'),
(363, 9.100, NULL, 1.060, 54, 0.500, 3, '2016-06-10 01:45:18', '2016-06-11 00:27:22'),
(364, 2.980, NULL, 1.340, 54, 1.500, 3, '2016-06-10 01:45:18', '2016-06-11 00:27:22'),
(365, 1.660, NULL, 2.060, 54, 2.500, 3, '2016-06-10 01:45:18', '2016-06-11 00:27:22'),
(366, 1.250, NULL, 3.790, 54, 3.500, 3, '2016-06-10 01:45:18', '2016-06-11 00:27:22'),
(367, 1.080, NULL, 7.840, 54, 4.500, 3, '2016-06-10 01:45:18', '2016-06-11 00:27:22'),
(368, 1.010, NULL, 19.000, 54, 5.500, 3, '2016-06-10 01:45:18', '2016-06-11 00:27:22'),
(369, 4.510, 3.200, 1.860, 55, NULL, 1, '2016-06-10 01:45:18', '2016-06-11 01:56:51'),
(370, 1.920, 1.360, 1.210, 55, NULL, 4, '2016-06-10 01:45:18', '2016-06-11 00:27:22'),
(371, 7.480, NULL, 1.090, 55, 0.500, 3, '2016-06-10 01:45:18', '2016-06-11 00:27:22'),
(372, 2.580, NULL, 1.430, 55, 1.500, 3, '2016-06-10 01:45:18', '2016-06-11 00:27:22'),
(373, 1.520, NULL, 2.360, 55, 2.500, 3, '2016-06-10 01:45:18', '2016-06-11 00:27:22'),
(374, 1.180, NULL, 4.600, 55, 3.500, 3, '2016-06-10 01:45:18', '2016-06-11 00:27:22'),
(375, 1.050, NULL, 10.450, 55, 4.500, 3, '2016-06-10 01:45:18', '2016-06-11 00:27:22'),
(376, 4.510, NULL, 1.210, 55, -0.500, 2, '2016-06-10 01:45:18', '2016-06-11 00:27:22'),
(377, 3.870, NULL, 1.270, 55, -0.250, 2, '2016-06-10 01:45:18', '2016-06-11 00:27:22'),
(378, 3.230, NULL, 1.350, 55, 0.000, 2, '2016-06-10 01:45:18', '2016-06-11 00:27:22'),
(379, 1.810, 3.250, 3.880, 56, NULL, 1, '2016-06-10 01:45:18', '2016-06-11 01:56:51'),
(380, 6.580, NULL, 1.070, 56, 0.500, 3, '2016-06-10 01:45:18', '2016-06-11 00:27:22'),
(381, 2.600, NULL, 1.350, 56, 1.500, 3, '2016-06-10 01:45:18', '2016-06-11 00:27:23'),
(382, 1.540, NULL, 2.060, 56, 2.500, 3, '2016-06-10 01:45:18', '2016-06-11 00:27:23'),
(383, 1.180, NULL, 3.650, 56, 3.500, 3, '2016-06-10 01:45:18', '2016-06-11 00:27:23'),
(384, 1.060, NULL, 7.120, 56, 4.500, 3, '2016-06-10 01:45:18', '2016-06-11 00:27:23'),
(385, 2.020, 3.020, 3.610, 57, NULL, 1, '2016-06-10 01:45:18', '2016-06-11 01:56:51'),
(386, 7.120, NULL, 1.060, 57, 0.500, 3, '2016-06-10 01:45:18', '2016-06-11 00:27:23'),
(387, 2.780, NULL, 1.280, 57, 1.500, 3, '2016-06-10 01:45:18', '2016-06-11 00:27:23'),
(388, 1.630, NULL, 1.910, 57, 2.500, 3, '2016-06-10 01:45:18', '2016-06-11 00:27:23'),
(389, 1.210, NULL, 3.380, 57, 3.500, 3, '2016-06-10 01:45:18', '2016-06-11 00:27:23'),
(390, 1.070, NULL, 5.860, 57, 4.500, 3, '2016-06-10 01:45:18', '2016-06-11 00:27:23'),
(391, 1.010, NULL, 10.450, 57, 5.500, 3, '2016-06-10 01:45:18', '2016-06-11 00:27:23'),
(392, 1.950, 3.110, 3.790, 58, NULL, 1, '2016-06-10 01:45:22', '2016-06-11 01:57:01'),
(393, 1.160, 5.410, 10.900, 59, NULL, 1, '2016-06-10 01:45:22', '2016-06-11 01:57:06'),
(394, 4.150, NULL, 1.120, 59, 1.500, 3, '2016-06-10 01:45:22', '2016-06-11 00:27:30'),
(395, 2.150, NULL, 1.460, 59, 2.500, 3, '2016-06-10 01:45:22', '2016-06-10 17:18:45'),
(396, 1.460, NULL, 2.220, 59, 3.500, 3, '2016-06-10 01:45:22', '2016-06-11 00:27:30'),
(397, 1.170, NULL, 3.650, 59, 4.500, 3, '2016-06-10 01:45:22', '2016-06-11 00:27:30'),
(398, 2.380, 2.800, 2.840, 60, NULL, 1, '2016-06-10 01:45:23', '2016-06-11 01:57:08'),
(399, 7.840, NULL, 1.090, 60, 0.500, 3, '2016-06-10 01:45:23', '2016-06-11 00:27:30'),
(400, 2.720, NULL, 1.410, 60, 1.500, 3, '2016-06-10 01:45:23', '2016-06-11 00:27:30'),
(401, 1.560, NULL, 2.150, 60, 2.500, 3, '2016-06-10 01:45:23', '2016-06-11 00:27:30'),
(402, 1.200, NULL, 4.240, 60, 3.500, 3, '2016-06-10 01:45:23', '2016-06-11 00:27:30'),
(403, 1.060, NULL, 9.100, 60, 4.500, 3, '2016-06-10 01:45:23', '2016-06-11 00:27:30'),
(404, 2.040, 3.160, 3.340, 61, NULL, 1, '2016-06-10 01:45:23', '2016-06-11 01:57:08'),
(405, 7.840, NULL, 1.050, 61, 0.500, 3, '2016-06-10 01:45:23', '2016-06-11 00:27:30'),
(406, 2.980, NULL, 1.230, 61, 1.500, 3, '2016-06-10 01:45:23', '2016-06-11 00:27:30'),
(407, 1.710, NULL, 1.800, 61, 2.500, 3, '2016-06-10 01:45:23', '2016-06-11 00:27:30'),
(408, 1.260, NULL, 2.930, 61, 3.500, 3, '2016-06-10 01:45:23', '2016-06-11 00:27:30'),
(409, 1.060, NULL, 5.320, 61, 4.500, 3, '2016-06-10 01:45:23', '2016-06-11 00:27:30'),
(410, 1.020, NULL, 9.100, 61, 5.500, 3, '2016-06-10 01:45:23', '2016-06-11 00:27:30'),
(411, 1.510, 3.430, 5.860, 62, NULL, 1, '2016-06-10 01:45:23', '2016-06-11 01:57:08'),
(412, 6.400, NULL, 1.070, 62, 0.500, 3, '2016-06-10 01:45:23', '2016-06-11 00:27:31'),
(413, 2.760, NULL, 1.290, 62, 1.500, 3, '2016-06-10 01:45:23', '2016-06-11 00:27:31'),
(414, 1.580, NULL, 1.970, 62, 2.500, 3, '2016-06-10 01:45:23', '2016-06-11 00:27:31'),
(415, 1.180, NULL, 3.380, 62, 3.500, 3, '2016-06-10 01:45:23', '2016-06-11 00:27:31'),
(416, 1.080, NULL, 6.040, 62, 4.500, 3, '2016-06-10 01:45:23', '2016-06-11 00:27:31'),
(417, 1.560, 3.700, 5.860, 63, NULL, 1, '2016-06-10 01:45:25', '2016-06-10 01:58:35'),
(418, 1.150, 1.280, 2.350, 63, NULL, 4, '2016-06-10 01:45:25', '2016-06-10 01:58:35'),
(419, 11.800, NULL, 1.060, 63, 0.500, 3, '2016-06-10 01:45:25', '2016-06-10 01:58:35'),
(420, 3.470, NULL, 1.310, 63, 1.500, 3, '2016-06-10 01:45:25', '2016-06-10 01:58:35'),
(421, 1.840, NULL, 1.930, 63, 2.500, 3, '2016-06-10 01:45:25', '2016-06-10 01:58:35'),
(422, 1.320, NULL, 3.380, 63, 3.500, 3, '2016-06-10 01:45:25', '2016-06-10 01:58:35'),
(423, 1.120, NULL, 6.930, 63, 4.500, 3, '2016-06-10 01:45:25', '2016-06-10 01:58:35'),
(424, 1.030, NULL, 16.300, 63, 5.500, 3, '2016-06-10 01:45:25', '2016-06-10 01:58:35'),
(425, 1.550, NULL, 2.300, 63, -0.500, 2, '2016-06-10 01:45:25', '2016-06-10 01:58:35'),
(426, 1.360, NULL, 2.870, 63, -0.250, 2, '2016-06-10 01:45:25', '2016-06-10 01:58:35'),
(427, 1.190, NULL, 4.150, 63, 0.000, 2, '2016-06-10 01:45:25', '2016-06-10 01:58:35'),
(428, 1.240, 5.860, 14.050, 64, NULL, 1, '2016-06-10 01:45:25', '2016-06-10 02:41:03'),
(429, 1.050, 1.150, 4.210, 64, NULL, 4, '2016-06-10 01:45:25', '2016-06-10 02:41:03'),
(430, 18.100, NULL, 1.020, 64, 0.500, 3, '2016-06-10 01:45:25', '2016-06-10 02:41:03'),
(431, 4.420, NULL, 1.220, 64, 1.500, 3, '2016-06-10 01:45:25', '2016-06-10 02:41:03'),
(432, 2.150, NULL, 1.670, 64, 2.500, 3, '2016-06-10 01:45:25', '2016-06-10 02:41:03'),
(433, 1.450, NULL, 2.720, 64, 3.500, 3, '2016-06-10 01:45:25', '2016-06-10 02:41:03'),
(434, 1.180, NULL, 5.140, 64, 4.500, 3, '2016-06-10 01:45:25', '2016-06-10 02:41:03'),
(435, 1.060, NULL, 10.900, 64, 5.500, 3, '2016-06-10 01:45:25', '2016-06-10 02:41:03'),
(436, 1.010, NULL, 26.200, 64, 6.500, 3, '2016-06-10 01:45:25', '2016-06-10 02:41:03'),
(437, 1.240, NULL, 4.210, 64, -0.500, 2, '2016-06-10 01:45:25', '2016-06-10 02:41:03'),
(438, 1.150, NULL, 5.950, 64, -0.250, 2, '2016-06-10 01:45:25', '2016-06-10 02:41:03'),
(439, 1.050, NULL, 11.890, 64, 0.000, 2, '2016-06-10 01:45:25', '2016-06-10 02:41:03'),
(440, 1.150, 7.840, 19.000, 65, NULL, 1, '2016-06-10 01:45:25', '2016-06-11 01:57:12'),
(441, 1.030, 1.110, 5.070, 65, NULL, 4, '2016-06-10 01:45:25', '2016-06-11 00:27:32'),
(442, 19.000, NULL, 1.010, 65, 0.500, 3, '2016-06-10 01:45:25', '2016-06-11 00:27:32'),
(443, 1.180, NULL, 5.120, 65, -0.500, 2, '2016-06-10 01:45:25', '2016-06-11 00:27:32'),
(444, 1.110, NULL, 7.480, 65, -0.250, 2, '2016-06-10 01:45:25', '2016-06-11 00:27:32'),
(445, 1.030, NULL, 15.440, 65, 0.000, 2, '2016-06-10 01:45:25', '2016-06-11 00:27:32'),
(446, 1.230, 5.680, 13.600, 66, NULL, 1, '2016-06-10 01:45:25', '2016-06-11 01:57:12'),
(447, 1.040, 1.150, 4.210, 66, NULL, 4, '2016-06-10 01:45:25', '2016-06-11 00:27:32'),
(448, 15.850, NULL, 1.030, 66, 0.500, 3, '2016-06-10 01:45:25', '2016-06-11 00:27:32'),
(449, 2.110, NULL, 1.680, 66, 2.500, 3, '2016-06-10 01:45:25', '2016-06-11 00:27:32'),
(450, 1.240, NULL, 4.210, 66, -0.500, 2, '2016-06-10 01:45:25', '2016-06-11 00:27:32'),
(451, 1.150, NULL, 5.950, 66, -0.250, 2, '2016-06-10 01:45:25', '2016-06-11 00:27:32'),
(452, 1.050, NULL, 11.890, 66, 0.000, 2, '2016-06-10 01:45:25', '2016-06-11 00:27:32'),
(453, 1.150, 7.840, 20.800, 67, NULL, 1, '2016-06-10 01:45:25', '2016-06-11 01:57:12'),
(454, 1.430, 4.150, 7.300, 68, NULL, 1, '2016-06-10 01:45:25', '2016-06-11 01:57:12'),
(455, 1.720, 3.560, 3.880, 69, NULL, 1, '2016-06-10 01:45:26', '2016-06-11 01:57:18'),
(456, 1.480, 4.060, 6.760, 70, NULL, 1, '2016-06-10 01:45:27', '2016-06-10 02:41:05'),
(457, 1.120, 1.240, 2.620, 70, NULL, 4, '2016-06-10 01:45:27', '2016-06-10 02:41:05'),
(458, 14.050, NULL, 1.030, 70, 0.500, 3, '2016-06-10 01:45:27', '2016-06-10 02:41:05'),
(459, 4.330, NULL, 1.140, 70, 1.500, 3, '2016-06-10 01:45:27', '2016-06-10 02:41:05'),
(460, 2.240, NULL, 1.460, 70, 2.500, 3, '2016-06-10 01:45:27', '2016-06-10 02:41:05'),
(461, 1.510, NULL, 2.110, 70, 3.500, 3, '2016-06-10 01:45:27', '2016-06-10 02:41:05'),
(462, 1.180, NULL, 3.560, 70, 4.500, 3, '2016-06-10 01:45:27', '2016-06-10 02:41:05'),
(463, 1.070, NULL, 5.860, 70, 5.500, 3, '2016-06-10 01:45:27', '2016-06-10 02:41:05'),
(464, 1.010, NULL, 10.900, 70, 6.500, 3, '2016-06-10 01:45:27', '2016-06-10 02:41:05'),
(465, 1.480, NULL, 2.620, 70, -0.500, 2, '2016-06-10 01:45:27', '2016-06-10 02:41:05'),
(466, 1.320, NULL, 3.360, 70, -0.250, 2, '2016-06-10 01:45:28', '2016-06-10 02:41:05'),
(467, 1.170, NULL, 5.290, 70, 0.000, 2, '2016-06-10 01:45:28', '2016-06-10 02:41:05'),
(468, 2.490, 3.380, 2.110, 71, NULL, 1, '2016-06-10 01:45:28', '2016-06-10 02:41:05'),
(469, 10.900, NULL, 1.030, 71, 0.500, 3, '2016-06-10 01:45:28', '2016-06-10 02:41:05'),
(470, 3.790, NULL, 1.150, 71, 1.500, 3, '2016-06-10 01:45:28', '2016-06-10 02:41:05'),
(471, 2.000, NULL, 1.630, 71, 2.500, 3, '2016-06-10 01:45:28', '2016-06-10 02:41:05'),
(472, 1.030, NULL, 6.760, 71, 5.500, 3, '2016-06-10 01:45:28', '2016-06-10 02:41:05'),
(473, 2.060, 2.980, 3.520, 72, NULL, 1, '2016-06-10 01:45:28', '2016-06-11 01:57:29'),
(474, 1.460, NULL, 2.240, 72, 2.500, 3, '2016-06-10 01:45:28', '2016-06-11 00:27:38'),
(475, 2.090, 3.200, 3.290, 73, NULL, 1, '2016-06-10 01:45:28', '2016-06-11 01:57:29'),
(476, 1.720, 3.160, 4.510, 74, NULL, 1, '2016-06-10 01:45:31', '2016-06-10 17:18:58'),
(477, 7.840, NULL, 1.050, 74, 0.500, 3, '2016-06-10 01:45:31', '2016-06-10 17:18:58'),
(478, 2.980, NULL, 1.250, 74, 1.500, 3, '2016-06-10 01:45:31', '2016-06-10 17:18:58'),
(479, 1.700, NULL, 1.830, 74, 2.500, 3, '2016-06-10 01:45:31', '2016-06-10 17:18:58'),
(480, 1.240, NULL, 2.930, 74, 3.500, 3, '2016-06-10 01:45:31', '2016-06-10 17:18:58'),
(481, 1.100, NULL, 5.500, 74, 4.500, 3, '2016-06-10 01:45:31', '2016-06-10 17:18:58'),
(482, 1.030, NULL, 10.000, 74, 5.500, 3, '2016-06-10 01:45:31', '2016-06-10 17:18:58'),
(483, 3.110, 3.290, 2.150, 75, NULL, 1, '2016-06-10 01:45:31', '2016-06-11 01:57:38'),
(484, 10.000, NULL, 1.060, 75, 0.500, 3, '2016-06-10 01:45:31', '2016-06-11 00:27:40'),
(485, 3.250, NULL, 1.310, 75, 1.500, 3, '2016-06-10 01:45:31', '2016-06-11 00:27:40'),
(486, 1.750, NULL, 1.880, 75, 2.500, 3, '2016-06-10 01:45:31', '2016-06-11 00:27:40'),
(487, 1.290, NULL, 3.380, 75, 3.500, 3, '2016-06-10 01:45:31', '2016-06-11 00:27:40'),
(488, 1.100, NULL, 6.580, 75, 4.500, 3, '2016-06-10 01:45:31', '2016-06-11 00:27:40'),
(489, 1.030, NULL, 9.100, 75, 5.500, 3, '2016-06-10 01:45:31', '2016-06-11 00:27:40'),
(490, 2.840, 3.250, 2.260, 76, NULL, 1, '2016-06-10 01:45:31', '2016-06-10 17:18:58'),
(491, 1.620, 1.330, 1.380, 76, NULL, 4, '2016-06-10 01:45:31', '2016-06-10 17:18:58'),
(492, 7.300, NULL, 1.060, 76, 0.500, 3, '2016-06-10 01:45:31', '2016-06-10 17:18:58'),
(493, 2.930, NULL, 1.250, 76, 1.500, 3, '2016-06-10 01:45:31', '2016-06-10 17:18:58'),
(494, 1.700, NULL, 1.830, 76, 2.500, 3, '2016-06-10 01:45:31', '2016-06-10 17:18:58'),
(495, 1.230, NULL, 3.070, 76, 3.500, 3, '2016-06-10 01:45:31', '2016-06-10 17:18:58'),
(496, 1.090, NULL, 5.500, 76, 4.500, 3, '2016-06-10 01:45:31', '2016-06-10 17:18:58'),
(497, 1.020, NULL, 10.000, 76, 5.500, 3, '2016-06-10 01:45:31', '2016-06-10 17:18:58'),
(498, 2.890, 3.160, 2.290, 77, NULL, 1, '2016-06-10 01:45:31', '2016-06-11 01:57:38'),
(499, 9.100, NULL, 1.070, 77, 0.500, 3, '2016-06-10 01:45:31', '2016-06-11 00:27:40'),
(500, 2.980, NULL, 1.350, 77, 1.500, 3, '2016-06-10 01:45:31', '2016-06-11 00:27:40'),
(501, 1.660, NULL, 2.040, 77, 2.500, 3, '2016-06-10 01:45:31', '2016-06-11 00:27:40'),
(502, 1.250, NULL, 3.700, 77, 3.500, 3, '2016-06-10 01:45:31', '2016-06-11 00:27:40'),
(503, 1.080, NULL, 7.840, 77, 4.500, 3, '2016-06-10 01:45:31', '2016-06-11 00:27:40'),
(504, 1.020, NULL, 10.900, 77, 5.500, 3, '2016-06-10 01:45:31', '2016-06-11 00:27:40'),
(505, 1.900, 3.200, 3.430, 78, NULL, 1, '2016-06-10 01:45:31', '2016-06-11 01:57:38'),
(506, 7.300, NULL, 1.060, 78, 0.500, 3, '2016-06-10 01:45:31', '2016-06-11 00:27:40'),
(507, 2.930, NULL, 1.250, 78, 1.500, 3, '2016-06-10 01:45:31', '2016-06-11 00:27:40'),
(508, 1.700, NULL, 1.830, 78, 2.500, 3, '2016-06-10 01:45:31', '2016-06-11 00:27:40'),
(509, 1.230, NULL, 3.070, 78, 3.500, 3, '2016-06-10 01:45:31', '2016-06-11 00:27:40'),
(510, 1.070, NULL, 5.500, 78, 4.500, 3, '2016-06-10 01:45:31', '2016-06-11 00:27:40'),
(511, 1.020, NULL, 10.000, 78, 5.500, 3, '2016-06-10 01:45:31', '2016-06-11 00:27:40'),
(512, 3.200, 3.110, 2.130, 79, NULL, 1, '2016-06-10 01:45:31', '2016-06-11 01:57:38'),
(513, 7.480, NULL, 1.070, 79, 0.500, 3, '2016-06-10 01:45:31', '2016-06-11 00:27:40'),
(514, 2.670, NULL, 1.300, 79, 1.500, 3, '2016-06-10 01:45:31', '2016-06-11 00:27:40'),
(515, 1.560, NULL, 1.990, 79, 2.500, 3, '2016-06-10 01:45:31', '2016-06-11 00:27:40'),
(516, 1.180, NULL, 3.520, 79, 3.500, 3, '2016-06-10 01:45:31', '2016-06-11 00:27:40'),
(517, 1.070, NULL, 6.400, 79, 4.500, 3, '2016-06-10 01:45:31', '2016-06-11 00:27:40'),
(518, 1.560, 3.070, 5.050, 80, NULL, 1, '2016-06-10 01:45:31', '2016-06-10 17:18:58'),
(519, 7.840, NULL, 1.050, 80, 0.500, 3, '2016-06-10 01:45:31', '2016-06-10 17:18:58'),
(520, 3.070, NULL, 1.250, 80, 1.500, 3, '2016-06-10 01:45:31', '2016-06-10 17:18:58'),
(521, 1.720, NULL, 1.790, 80, 2.500, 3, '2016-06-10 01:45:31', '2016-06-10 17:18:58'),
(522, 1.250, NULL, 2.930, 80, 3.500, 3, '2016-06-10 01:45:31', '2016-06-10 17:18:58'),
(523, 1.070, NULL, 5.320, 80, 4.500, 3, '2016-06-10 01:45:31', '2016-06-10 17:18:58'),
(524, 1.030, NULL, 10.000, 80, 5.500, 3, '2016-06-10 01:45:31', '2016-06-10 17:18:58'),
(525, 1.560, 3.880, 5.680, 81, NULL, 1, '2016-06-10 01:45:32', '2016-06-11 01:57:48'),
(526, 10.900, NULL, 1.050, 81, 0.500, 3, '2016-06-10 01:45:32', '2016-06-11 00:27:43'),
(527, 3.610, NULL, 1.270, 81, 1.500, 3, '2016-06-10 01:45:32', '2016-06-11 00:27:43'),
(528, 1.900, NULL, 1.810, 81, 2.500, 3, '2016-06-10 01:45:32', '2016-06-11 00:27:43'),
(529, 1.340, NULL, 3.110, 81, 3.500, 3, '2016-06-10 01:45:32', '2016-06-11 00:27:43'),
(530, 1.120, NULL, 6.220, 81, 4.500, 3, '2016-06-10 01:45:32', '2016-06-11 00:27:43'),
(531, 1.030, NULL, 8.740, 81, 5.500, 3, '2016-06-10 01:45:32', '2016-06-11 00:27:43'),
(532, 2.110, 3.250, 3.340, 82, NULL, 1, '2016-06-10 01:45:33', '2016-06-11 01:57:48'),
(533, 7.840, NULL, 1.080, 82, 0.500, 3, '2016-06-10 01:45:33', '2016-06-11 00:27:43'),
(534, 2.840, NULL, 1.400, 82, 1.500, 3, '2016-06-10 01:45:33', '2016-06-11 00:27:43'),
(535, 1.620, NULL, 2.150, 82, 2.500, 3, '2016-06-10 01:45:33', '2016-06-11 00:27:43'),
(536, 1.220, NULL, 4.060, 82, 3.500, 3, '2016-06-10 01:45:33', '2016-06-11 00:27:43'),
(537, 1.060, NULL, 9.100, 82, 4.500, 3, '2016-06-10 01:45:33', '2016-06-11 00:27:43'),
(538, 3.470, 3.200, 2.000, 83, NULL, 1, '2016-06-10 01:45:33', '2016-06-11 01:57:48'),
(539, 8.920, NULL, 1.070, 83, 0.500, 3, '2016-06-10 01:45:33', '2016-06-11 00:27:43'),
(540, 3.070, NULL, 1.360, 83, 1.500, 3, '2016-06-10 01:45:33', '2016-06-11 00:27:43'),
(541, 1.700, NULL, 2.020, 83, 2.500, 3, '2016-06-10 01:45:33', '2016-06-11 00:27:43'),
(542, 1.260, NULL, 3.650, 83, 3.500, 3, '2016-06-10 01:45:33', '2016-06-11 00:27:43'),
(543, 1.080, NULL, 7.840, 83, 4.500, 3, '2016-06-10 01:45:33', '2016-06-11 00:27:43'),
(544, 1.010, NULL, 10.900, 83, 5.500, 3, '2016-06-10 01:45:33', '2016-06-11 00:27:43'),
(545, 2.740, 3.290, 2.350, 84, NULL, 1, '2016-06-10 01:45:33', '2016-06-11 01:57:48'),
(546, 10.000, NULL, 1.050, 84, 0.500, 3, '2016-06-10 01:45:33', '2016-06-11 00:27:43'),
(547, 3.340, NULL, 1.300, 84, 1.500, 3, '2016-06-10 01:45:33', '2016-06-11 00:27:43'),
(548, 1.780, NULL, 1.910, 84, 2.500, 3, '2016-06-10 01:45:33', '2016-06-11 00:27:43'),
(549, 1.290, NULL, 3.340, 84, 3.500, 3, '2016-06-10 01:45:33', '2016-06-11 00:27:43'),
(550, 1.110, NULL, 6.580, 84, 4.500, 3, '2016-06-10 01:45:33', '2016-06-11 00:27:43'),
(551, 1.020, NULL, 10.000, 84, 5.500, 3, '2016-06-10 01:45:33', '2016-06-11 00:27:43'),
(552, 2.090, 3.110, 3.520, 85, NULL, 1, '2016-06-10 01:45:33', '2016-06-11 01:57:48'),
(553, 7.300, NULL, 1.090, 85, 0.500, 3, '2016-06-10 01:45:33', '2016-06-11 00:27:43'),
(554, 2.620, NULL, 1.450, 85, 1.500, 3, '2016-06-10 01:45:33', '2016-06-11 00:27:43'),
(555, 1.530, NULL, 2.330, 85, 2.500, 3, '2016-06-10 01:45:33', '2016-06-11 00:27:43'),
(556, 1.180, NULL, 4.690, 85, 3.500, 3, '2016-06-10 01:45:33', '2016-06-11 00:27:43'),
(557, 1.050, NULL, 10.000, 85, 4.500, 3, '2016-06-10 01:45:33', '2016-06-11 00:27:43'),
(558, 3.110, 3.430, 2.080, 86, NULL, 1, '2016-06-10 01:45:33', '2016-06-11 01:57:48'),
(559, 12.250, NULL, 1.040, 86, 0.500, 3, '2016-06-10 01:45:33', '2016-06-11 00:27:43'),
(560, 3.790, NULL, 1.260, 86, 1.500, 3, '2016-06-10 01:45:33', '2016-06-11 00:27:43'),
(561, 1.930, NULL, 1.770, 86, 2.500, 3, '2016-06-10 01:45:33', '2016-06-11 00:27:43'),
(562, 1.360, NULL, 2.930, 86, 3.500, 3, '2016-06-10 01:45:33', '2016-06-11 00:27:43'),
(563, 1.140, NULL, 5.680, 86, 4.500, 3, '2016-06-10 01:45:33', '2016-06-11 00:27:43'),
(564, 1.040, NULL, 8.200, 86, 5.500, 3, '2016-06-10 01:45:33', '2016-06-11 00:27:43'),
(565, 1.830, 3.340, 4.150, 87, NULL, 1, '2016-06-10 01:45:33', '2016-06-11 01:57:48'),
(566, 9.100, NULL, 1.060, 87, 0.500, 3, '2016-06-10 01:45:33', '2016-06-11 00:27:43'),
(567, 3.020, NULL, 1.350, 87, 1.500, 3, '2016-06-10 01:45:33', '2016-06-11 00:27:43'),
(568, 1.680, NULL, 2.040, 87, 2.500, 3, '2016-06-10 01:45:33', '2016-06-11 00:27:43'),
(569, 1.260, NULL, 3.650, 87, 3.500, 3, '2016-06-10 01:45:33', '2016-06-11 00:27:43'),
(570, 1.080, NULL, 7.300, 87, 4.500, 3, '2016-06-10 01:45:33', '2016-06-11 00:27:43'),
(571, 1.020, NULL, 19.000, 87, 5.500, 3, '2016-06-10 01:45:33', '2016-06-11 00:27:43'),
(572, 2.260, 3.110, 2.840, 88, NULL, 1, '2016-06-10 01:45:33', '2016-06-11 01:57:48'),
(573, 8.920, NULL, 1.070, 88, 0.500, 3, '2016-06-10 01:45:33', '2016-06-11 00:27:43'),
(574, 2.930, NULL, 1.360, 88, 1.500, 3, '2016-06-10 01:45:33', '2016-06-11 00:27:43'),
(575, 1.650, NULL, 2.080, 88, 2.500, 3, '2016-06-10 01:45:33', '2016-06-11 00:27:43'),
(576, 1.250, NULL, 3.790, 88, 3.500, 3, '2016-06-10 01:45:33', '2016-06-11 00:27:43'),
(577, 1.080, NULL, 7.840, 88, 4.500, 3, '2016-06-10 01:45:33', '2016-06-11 00:27:43'),
(578, 1.010, NULL, 19.000, 88, 5.500, 3, '2016-06-10 01:45:33', '2016-06-11 00:27:43'),
(579, 2.060, 3.290, 3.250, 89, NULL, 1, '2016-06-10 01:45:33', '2016-06-11 01:57:48'),
(580, 10.450, NULL, 1.050, 89, 0.500, 3, '2016-06-10 01:45:33', '2016-06-11 00:27:43'),
(581, 3.340, NULL, 1.290, 89, 1.500, 3, '2016-06-10 01:45:33', '2016-06-11 00:27:43'),
(582, 1.840, NULL, 1.870, 89, 2.500, 3, '2016-06-10 01:45:33', '2016-06-11 00:27:43'),
(583, 1.310, NULL, 3.200, 89, 3.500, 3, '2016-06-10 01:45:33', '2016-06-11 00:27:43'),
(584, 1.110, NULL, 6.220, 89, 4.500, 3, '2016-06-10 01:45:33', '2016-06-11 00:27:43'),
(585, 1.030, NULL, 13.600, 89, 5.500, 3, '2016-06-10 01:45:33', '2016-06-11 00:27:43'),
(586, 1.810, 3.200, 4.330, 90, NULL, 1, '2016-06-10 01:45:33', '2016-06-11 01:57:50'),
(587, 1.930, 3.110, 3.880, 91, NULL, 1, '2016-06-10 01:58:27', '2016-06-10 17:18:33'),
(588, 7.480, NULL, 1.080, 91, 0.500, 3, '2016-06-10 01:58:27', '2016-06-10 17:18:33'),
(589, 2.620, NULL, 1.410, 91, 1.500, 3, '2016-06-10 01:58:27', '2016-06-10 17:18:33'),
(590, 1.540, NULL, 2.220, 91, 2.500, 3, '2016-06-10 01:58:27', '2016-06-10 17:18:33'),
(591, 1.190, NULL, 4.330, 91, 3.500, 3, '2016-06-10 01:58:27', '2016-06-10 17:18:33'),
(592, 1.050, NULL, 9.100, 91, 4.500, 3, '2016-06-10 01:58:27', '2016-06-10 17:18:33'),
(593, 2.800, 3.430, 2.180, 92, NULL, 1, '2016-06-10 01:58:28', '2016-06-10 17:18:36'),
(594, 3.470, NULL, 1.260, 92, 1.500, 3, '2016-06-10 01:58:28', '2016-06-10 17:18:36'),
(595, 1.850, NULL, 1.800, 92, 2.500, 3, '2016-06-10 01:58:28', '2016-06-10 17:18:36'),
(596, 1.330, NULL, 2.980, 92, 3.500, 3, '2016-06-10 01:58:28', '2016-06-10 17:18:36'),
(597, 1.690, NULL, 2.060, 38, 2.500, 3, '2016-06-10 02:40:54', '2016-06-10 17:18:35'),
(598, 1.260, 1.340, 1.800, 47, NULL, 4, '2016-06-10 02:40:56', '2016-06-11 00:36:23'),
(599, 1.370, 1.360, 1.570, 29, NULL, 4, '2016-06-10 02:41:00', '2016-06-10 02:41:00');
INSERT INTO `line` (`id`, `team_home`, `draw`, `team_away`, `event_id`, `count_points`, `bet_type_id`, `created`, `updated`) VALUES
(600, 1.090, 1.220, 2.760, 68, NULL, 4, '2016-06-10 02:41:03', '2016-06-10 17:18:47'),
(601, 1.520, 3.790, 5.860, 93, NULL, 1, '2016-06-10 02:41:03', '2016-06-11 01:57:12'),
(602, 1.380, NULL, 2.330, 71, 3.500, 3, '2016-06-10 02:41:05', '2016-06-10 02:41:05'),
(603, 1.130, NULL, 3.790, 71, 4.500, 3, '2016-06-10 02:41:05', '2016-06-10 02:41:05'),
(604, 1.630, 1.340, 1.320, 79, NULL, 4, '2016-06-10 02:41:08', '2016-06-10 17:18:58'),
(605, 1.160, 1.260, 2.290, 81, NULL, 4, '2016-06-10 02:41:10', '2016-06-11 00:27:43'),
(606, 1.240, 1.360, 1.820, 91, NULL, 4, '2016-06-10 16:22:00', '2016-06-10 17:18:33'),
(607, 1.930, NULL, 1.810, 91, -0.500, 2, '2016-06-10 16:22:00', '2016-06-10 17:18:33'),
(608, 1.640, NULL, 2.150, 91, -0.250, 2, '2016-06-10 16:22:00', '2016-06-10 17:18:33'),
(609, 1.380, NULL, 2.890, 91, 0.000, 2, '2016-06-10 16:22:00', '2016-06-10 17:18:33'),
(610, 1.090, 1.230, 2.990, 31, NULL, 4, '2016-06-10 16:22:02', '2016-06-10 17:18:35'),
(611, 1.020, NULL, 19.900, 31, 5.500, 3, '2016-06-10 16:22:02', '2016-06-10 17:18:35'),
(612, 1.390, NULL, 2.990, 31, -0.500, 2, '2016-06-10 16:22:02', '2016-06-10 17:18:35'),
(613, 1.250, NULL, 4.020, 31, -0.250, 2, '2016-06-10 16:22:02', '2016-06-10 17:18:35'),
(614, 1.110, NULL, 7.200, 31, 0.000, 2, '2016-06-10 16:22:02', '2016-06-10 17:18:35'),
(615, 1.200, 1.310, 1.990, 37, NULL, 4, '2016-06-10 16:22:02', '2016-06-10 17:18:35'),
(616, 1.020, NULL, 19.900, 37, 5.500, 3, '2016-06-10 16:22:02', '2016-06-10 17:18:35'),
(617, 1.770, NULL, 1.990, 37, -0.500, 2, '2016-06-10 16:22:02', '2016-06-10 17:18:35'),
(618, 1.540, NULL, 2.390, 37, -0.250, 2, '2016-06-10 16:22:02', '2016-06-10 17:18:35'),
(619, 1.310, NULL, 3.310, 37, 0.000, 2, '2016-06-10 16:22:02', '2016-06-10 17:18:35'),
(620, 1.010, NULL, 19.000, 38, 5.500, 3, '2016-06-10 16:22:02', '2016-06-10 17:18:35'),
(621, 10.000, NULL, 1.040, 92, 0.500, 3, '2016-06-10 16:22:02', '2016-06-10 17:18:36'),
(622, 1.120, NULL, 5.860, 92, 4.500, 3, '2016-06-10 16:22:02', '2016-06-10 17:18:36'),
(623, 1.030, NULL, 12.250, 92, 5.500, 3, '2016-06-10 16:22:02', '2016-06-10 17:18:36'),
(624, 1.540, 1.360, 1.360, 52, NULL, 4, '2016-06-10 16:22:04', '2016-06-11 00:27:22'),
(625, 2.890, NULL, 1.400, 52, -0.500, 2, '2016-06-10 16:22:04', '2016-06-11 00:27:22'),
(626, 2.470, NULL, 1.510, 52, -0.250, 2, '2016-06-10 16:22:04', '2016-06-11 00:27:22'),
(627, 2.070, NULL, 1.680, 52, 0.000, 2, '2016-06-10 16:22:04', '2016-06-11 00:27:22'),
(628, 2.020, NULL, 1.720, 57, -0.500, 2, '2016-06-10 16:22:05', '2016-06-11 00:27:23'),
(629, 1.740, NULL, 1.980, 57, -0.250, 2, '2016-06-10 16:22:05', '2016-06-11 00:27:23'),
(630, 1.460, NULL, 2.530, 57, 0.000, 2, '2016-06-10 16:22:05', '2016-06-11 00:27:23'),
(631, 1.040, NULL, 14.050, 4, 4.500, 3, '2016-06-10 16:22:06', '2016-06-11 00:27:25'),
(632, 1.550, NULL, 2.420, 8, -0.500, 2, '2016-06-10 16:22:07', '2016-06-11 00:27:26'),
(633, 1.370, NULL, 3.070, 8, -0.250, 2, '2016-06-10 16:22:07', '2016-06-11 00:27:26'),
(634, 1.190, NULL, 4.860, 8, 0.000, 2, '2016-06-10 16:22:07', '2016-06-11 00:27:26'),
(635, 1.260, 1.360, 1.780, 58, NULL, 4, '2016-06-10 16:22:08', '2016-06-11 00:27:28'),
(636, 6.220, NULL, 1.120, 65, 1.500, 3, '2016-06-10 16:22:11', '2016-06-11 00:27:32'),
(637, 2.800, NULL, 1.430, 65, 2.500, 3, '2016-06-10 16:22:11', '2016-06-11 00:27:32'),
(638, 1.700, NULL, 1.990, 65, 3.500, 3, '2016-06-10 16:22:11', '2016-06-11 00:27:32'),
(639, 1.290, NULL, 3.290, 65, 4.500, 3, '2016-06-10 16:22:11', '2016-06-11 00:27:32'),
(640, 1.120, NULL, 5.860, 65, 5.500, 3, '2016-06-10 16:22:11', '2016-06-11 00:27:32'),
(641, 1.040, NULL, 13.590, 65, 6.500, 3, '2016-06-10 16:22:11', '2016-06-11 00:27:32'),
(642, 3.970, NULL, 1.210, 66, 1.500, 3, '2016-06-10 16:22:11', '2016-06-11 00:27:32'),
(643, 1.420, NULL, 2.760, 66, 3.500, 3, '2016-06-10 16:22:11', '2016-06-11 00:27:32'),
(644, 1.160, NULL, 5.050, 66, 4.500, 3, '2016-06-10 16:22:11', '2016-06-11 00:27:32'),
(645, 1.050, NULL, 10.450, 66, 5.500, 3, '2016-06-10 16:22:11', '2016-06-11 00:27:32'),
(646, 1.010, NULL, 25.300, 66, 6.500, 3, '2016-06-10 16:22:11', '2016-06-11 00:27:32'),
(647, 1.740, NULL, 1.970, 34, 2.500, 3, '2016-06-10 16:22:12', '2016-06-11 00:27:32'),
(648, 1.140, 1.270, 2.290, 27, NULL, 4, '2016-06-10 16:22:12', '2016-06-11 00:27:32'),
(649, 1.800, NULL, 1.900, 27, 2.500, 3, '2016-06-10 16:22:12', '2016-06-11 00:27:32'),
(650, 2.270, NULL, 1.430, 67, 2.500, 3, '2016-06-10 16:22:12', '2016-06-11 00:27:32'),
(651, 1.510, 4.060, 6.040, 94, NULL, 1, '2016-06-10 16:22:12', '2016-06-11 01:57:12'),
(652, 1.140, 8.560, 6.220, 95, NULL, 1, '2016-06-10 16:22:12', '2016-06-11 01:57:13'),
(653, 13.600, NULL, 1.030, 69, 0.500, 3, '2016-06-10 16:22:14', '2016-06-11 00:27:34'),
(654, 4.150, NULL, 1.210, 69, 1.500, 3, '2016-06-10 16:22:14', '2016-06-11 00:27:34'),
(655, 2.080, NULL, 1.620, 69, 2.500, 3, '2016-06-10 16:22:14', '2016-06-11 00:27:34'),
(656, 1.440, NULL, 2.620, 69, 3.500, 3, '2016-06-10 16:22:14', '2016-06-11 00:27:34'),
(657, 1.170, NULL, 4.600, 69, 4.500, 3, '2016-06-10 16:22:14', '2016-06-11 00:27:34'),
(658, 2.060, NULL, 1.710, 72, -0.500, 2, '2016-06-10 16:22:17', '2016-06-11 00:27:38'),
(659, 1.760, NULL, 1.970, 72, -0.250, 2, '2016-06-10 16:22:17', '2016-06-11 00:27:38'),
(660, 1.450, NULL, 2.530, 72, 0.000, 2, '2016-06-10 16:22:17', '2016-06-11 00:27:38'),
(661, 1.570, 3.650, 5.500, 96, NULL, 1, '2016-06-10 16:22:23', '2016-06-11 01:57:46'),
(662, 1.330, 1.350, 1.650, 82, NULL, 4, '2016-06-10 16:22:23', '2016-06-11 00:27:43'),
(663, 1.230, 1.320, 1.900, 87, NULL, 4, '2016-06-10 16:22:24', '2016-06-11 00:27:43'),
(664, 1.360, 1.350, 1.570, 88, NULL, 4, '2016-06-10 16:22:24', '2016-06-11 00:27:43'),
(665, 5.680, NULL, 1.070, 90, 0.500, 3, '2016-06-10 16:22:25', '2016-06-11 00:27:44'),
(666, 2.330, NULL, 1.380, 90, 1.500, 3, '2016-06-10 16:22:25', '2016-06-11 00:27:44'),
(667, 1.450, NULL, 2.240, 90, 2.500, 3, '2016-06-10 16:22:25', '2016-06-11 00:27:44'),
(668, 1.130, NULL, 4.060, 90, 3.500, 3, '2016-06-10 16:22:25', '2016-06-11 00:27:44'),
(669, 1.050, NULL, 7.840, 90, 4.500, 3, '2016-06-10 16:22:25', '2016-06-11 00:27:44'),
(670, 1.030, 1.120, 4.740, 16, NULL, 4, '2016-06-10 16:32:17', '2016-06-10 17:01:59'),
(671, 1.570, 1.330, 1.420, 84, NULL, 4, '2016-06-10 16:32:34', '2016-06-11 00:27:43'),
(672, 1.170, 1.290, 2.150, 43, NULL, 4, '2016-06-10 16:34:35', '2016-06-11 00:27:21'),
(673, 1.200, 1.290, 1.950, 74, NULL, 4, '2016-06-10 17:02:13', '2016-06-10 17:18:58'),
(674, 1.660, 1.330, 1.340, 75, NULL, 4, '2016-06-10 17:02:13', '2016-06-11 00:27:40'),
(675, 1.150, 1.270, 2.290, 96, NULL, 4, '2016-06-10 17:02:14', '2016-06-11 00:27:42'),
(676, 6.220, NULL, 1.070, 35, 0.500, 3, '2016-06-10 17:06:37', '2016-06-11 00:27:20'),
(677, 2.540, NULL, 1.350, 35, 1.500, 3, '2016-06-10 17:06:37', '2016-06-11 00:27:20'),
(678, 1.500, NULL, 2.090, 35, 2.500, 3, '2016-06-10 17:06:37', '2016-06-11 00:27:20'),
(679, 1.170, NULL, 3.650, 35, 3.500, 3, '2016-06-10 17:06:37', '2016-06-11 00:27:20'),
(680, 1.060, NULL, 7.120, 35, 4.500, 3, '2016-06-10 17:06:37', '2016-06-11 00:27:20'),
(681, 1.280, 1.350, 1.720, 57, NULL, 4, '2016-06-10 17:06:41', '2016-06-11 00:27:23'),
(682, 1.010, NULL, 23.500, 43, 5.500, 3, '2016-06-10 23:13:20', '2016-06-11 00:27:21'),
(683, 1.460, NULL, 2.660, 50, -0.500, 2, '2016-06-11 00:24:43', '2016-06-11 00:27:22'),
(684, 1.310, NULL, 3.460, 50, -0.250, 2, '2016-06-11 00:24:43', '2016-06-11 00:27:22'),
(685, 1.160, NULL, 5.580, 50, 0.000, 2, '2016-06-11 00:24:43', '2016-06-11 00:27:22'),
(686, 1.250, 1.350, 1.810, 53, NULL, 4, '2016-06-11 00:24:43', '2016-06-11 00:27:22'),
(687, 1.190, 1.280, 2.080, 54, NULL, 4, '2016-06-11 00:24:43', '2016-06-11 00:27:22'),
(688, 5.500, NULL, 1.170, 3, -0.500, 2, '2016-06-11 00:24:47', '2016-06-11 00:27:25'),
(689, 4.710, NULL, 1.200, 3, -0.250, 2, '2016-06-11 00:24:47', '2016-06-11 00:27:25'),
(690, 3.930, NULL, 1.260, 3, 0.000, 2, '2016-06-11 00:24:47', '2016-06-11 00:27:25'),
(691, 1.030, NULL, 11.350, 8, 5.500, 3, '2016-06-11 00:24:47', '2016-06-11 00:27:26'),
(692, 1.700, NULL, 2.070, 18, -0.500, 2, '2016-06-11 00:24:48', '2016-06-11 00:27:26'),
(693, 1.470, NULL, 2.530, 18, -0.250, 2, '2016-06-11 00:24:48', '2016-06-11 00:27:26'),
(694, 1.260, NULL, 3.750, 18, 0.000, 2, '2016-06-11 00:24:48', '2016-06-11 00:27:26'),
(695, 2.020, 3.110, 3.290, 97, NULL, 1, '2016-06-11 00:24:48', '2016-06-11 01:56:58'),
(696, 7.120, NULL, 1.070, 97, 0.500, 3, '2016-06-11 00:24:48', '2016-06-11 00:27:27'),
(697, 2.670, NULL, 1.350, 97, 1.500, 3, '2016-06-11 00:24:48', '2016-06-11 00:27:27'),
(698, 1.530, NULL, 2.080, 97, 2.500, 3, '2016-06-11 00:24:48', '2016-06-11 00:27:27'),
(699, 1.180, NULL, 3.700, 97, 3.500, 3, '2016-06-11 00:24:48', '2016-06-11 00:27:27'),
(700, 1.060, NULL, 7.480, 97, 4.500, 3, '2016-06-11 00:24:48', '2016-06-11 00:27:27'),
(701, 1.010, NULL, 14.950, 97, 5.500, 3, '2016-06-11 00:24:48', '2016-06-11 00:27:27'),
(702, 3.790, 3.470, 1.670, 98, NULL, 1, '2016-06-11 00:24:48', '2016-06-11 01:56:58'),
(703, 2.190, 1.230, 1.090, 98, NULL, 4, '2016-06-11 00:24:48', '2016-06-11 00:27:27'),
(704, 3.020, NULL, 1.280, 98, 1.500, 3, '2016-06-11 00:24:48', '2016-06-11 00:27:27'),
(705, 1.700, NULL, 1.880, 98, 2.500, 3, '2016-06-11 00:24:48', '2016-06-11 00:27:27'),
(706, 1.250, NULL, 3.160, 98, 3.500, 3, '2016-06-11 00:24:48', '2016-06-11 00:27:27'),
(707, 1.080, NULL, 6.220, 98, 4.500, 3, '2016-06-11 00:24:48', '2016-06-11 00:27:27'),
(708, 1.020, NULL, 11.350, 98, 5.500, 3, '2016-06-11 00:24:48', '2016-06-11 00:27:27'),
(709, 10.450, NULL, 1.010, 59, 0.500, 3, '2016-06-11 00:24:51', '2016-06-11 00:27:30'),
(710, 10.000, NULL, 1.060, 34, 0.500, 3, '2016-06-11 00:24:53', '2016-06-11 00:27:32'),
(711, 3.250, NULL, 1.310, 34, 1.500, 3, '2016-06-11 00:24:53', '2016-06-11 00:27:32'),
(712, 1.290, NULL, 3.520, 34, 3.500, 3, '2016-06-11 00:24:53', '2016-06-11 00:27:32'),
(713, 1.090, NULL, 7.300, 34, 4.500, 3, '2016-06-11 00:24:53', '2016-06-11 00:27:32'),
(714, 1.020, NULL, 15.850, 34, 5.500, 3, '2016-06-11 00:24:53', '2016-06-11 00:27:32'),
(715, 10.000, NULL, 1.060, 27, 0.500, 3, '2016-06-11 00:24:53', '2016-06-11 00:27:32'),
(716, 3.340, NULL, 1.320, 27, 1.500, 3, '2016-06-11 00:24:53', '2016-06-11 00:27:32'),
(717, 1.310, NULL, 3.430, 27, 3.500, 3, '2016-06-11 00:24:53', '2016-06-11 00:27:32'),
(718, 1.100, NULL, 7.300, 27, 4.500, 3, '2016-06-11 00:24:53', '2016-06-11 00:27:32'),
(719, 1.020, NULL, 15.850, 27, 5.500, 3, '2016-06-11 00:24:53', '2016-06-11 00:27:32'),
(720, 12.250, NULL, 1.010, 67, 0.500, 3, '2016-06-11 00:24:53', '2016-06-11 00:27:32'),
(721, 1.870, NULL, 1.680, 68, 2.500, 3, '2016-06-11 00:24:53', '2016-06-11 00:27:32'),
(722, 1.130, 1.240, 2.520, 94, NULL, 4, '2016-06-11 00:24:53', '2016-06-11 00:27:32'),
(723, 6.220, NULL, 1.090, 72, 0.500, 3, '2016-06-11 00:24:59', '2016-06-11 00:27:38'),
(724, 2.420, NULL, 1.380, 72, 1.500, 3, '2016-06-11 00:24:59', '2016-06-11 00:27:38'),
(725, 1.130, NULL, 4.150, 72, 3.500, 3, '2016-06-11 00:24:59', '2016-06-11 00:27:38'),
(726, 1.010, NULL, 7.840, 72, 4.500, 3, '2016-06-11 00:24:59', '2016-06-11 00:27:38'),
(727, 6.940, NULL, 1.060, 73, 0.500, 3, '2016-06-11 00:24:59', '2016-06-11 00:27:38'),
(728, 2.670, NULL, 1.300, 73, 1.500, 3, '2016-06-11 00:24:59', '2016-06-11 00:27:38'),
(729, 1.180, NULL, 3.560, 73, 3.500, 3, '2016-06-11 00:24:59', '2016-06-11 00:27:38'),
(730, 1.080, NULL, 6.400, 73, 4.500, 3, '2016-06-11 00:24:59', '2016-06-11 00:27:38'),
(731, 1.570, 1.330, 1.390, 77, NULL, 4, '2016-06-11 00:25:02', '2016-06-11 00:27:40'),
(732, 8.920, NULL, 1.070, 96, 0.500, 3, '2016-06-11 00:25:03', '2016-06-11 00:27:42'),
(733, 2.930, NULL, 1.360, 96, 1.500, 3, '2016-06-11 00:25:03', '2016-06-11 00:27:42'),
(734, 1.650, NULL, 2.080, 96, 2.500, 3, '2016-06-11 00:25:03', '2016-06-11 00:27:42'),
(735, 1.250, NULL, 3.790, 96, 3.500, 3, '2016-06-11 00:25:03', '2016-06-11 00:27:42'),
(736, 1.080, NULL, 7.840, 96, 4.500, 3, '2016-06-11 00:25:03', '2016-06-11 00:27:42'),
(737, 1.010, NULL, 19.000, 96, 5.500, 3, '2016-06-11 00:25:03', '2016-06-11 00:27:42'),
(738, 1.010, NULL, 23.500, 82, 5.500, 3, '2016-06-11 00:25:04', '2016-06-11 00:27:43'),
(739, 2.130, NULL, 1.650, 82, -0.500, 2, '2016-06-11 00:25:04', '2016-06-11 00:27:43'),
(740, 1.850, NULL, 1.890, 82, -0.250, 2, '2016-06-11 00:25:04', '2016-06-11 00:27:43'),
(741, 1.550, NULL, 2.330, 82, 0.000, 2, '2016-06-11 00:25:04', '2016-06-11 00:27:43'),
(742, 1.720, 1.330, 1.280, 83, NULL, 4, '2016-06-11 00:25:04', '2016-06-11 00:27:43'),
(743, 1.310, 1.360, 1.680, 85, NULL, 4, '2016-06-11 00:25:04', '2016-06-11 00:27:43'),
(744, 1.670, 1.310, 1.360, 86, NULL, 4, '2016-06-11 00:25:04', '2016-06-11 00:27:43'),
(745, 2.290, NULL, 1.570, 88, -0.500, 2, '2016-06-11 00:25:05', '2016-06-11 00:27:43'),
(746, 1.970, NULL, 1.760, 88, -0.250, 2, '2016-06-11 00:25:05', '2016-06-11 00:27:43'),
(747, 1.640, NULL, 2.110, 88, 0.000, 2, '2016-06-11 00:25:05', '2016-06-11 00:27:43'),
(748, 1.360, 4.600, 6.400, 99, NULL, 1, '2016-06-11 01:52:10', '2016-06-11 01:57:12');

-- --------------------------------------------------------

--
-- Структура таблицы `parse_report`
--

CREATE TABLE IF NOT EXISTS `parse_report` (
  `id` int(11) NOT NULL,
  `bet_provider_id` int(11) NOT NULL,
  `body` text,
  `count_updated` int(11) NOT NULL,
  `count_created` int(11) NOT NULL,
  `date` datetime NOT NULL
) ENGINE=InnoDB AUTO_INCREMENT=2 DEFAULT CHARSET=utf8 PACK_KEYS=0;

--
-- Дамп данных таблицы `parse_report`
--

INSERT INTO `parse_report` (`id`, `bet_provider_id`, `body`, `count_updated`, `count_created`, `date`) VALUES
(1, 1, '<table><tr><td><span style="color:red;">Футбол - Бразилия - Чемпионат Кариока Второй Дивизион</span></tr></td><tr><td><span style="color:red;">Футбол - Бразилия - Чемпионат Паулиста Серия Б</span></tr></td><tr><td><span style="color:red;">Футбол - Дания - Второй дивизион</span></tr></td><tr><td><span style="color:red;">Футбол - Исландия - Первый дивизион</span></tr></td><tr><td><span style="color:red;">Футбол - Испания - Сегунда Б</span></tr></td><tr><td><span style="color:red;">Футбол - Италия - Лега Про</span></tr></td><tr><td><span style="color:red;">Футбол - Макао - Примейра Дивизион</span></tr></td><tr><td><span style="color:red;">Футбол - Марокко - Кубок Марокко</span></tr></td><tr><td><span style="color:red;">Футбол - Норвегия - Чемпионат Норвегии 2-й дивизион</span></tr></td><tr><td><span style="color:red;">Футбол - США - НПСЛ</span></tr></td><tr><td><span style="color:red;">Футбол - Филиппины - Дивизион 2 UFL</span></tr></td><tr><td><span style="color:red;">Футбол - Финляндия - Женска Лига</span></tr></td><tr><td><span style="color:red;">Футбол - Швеция - Первый дивизион Юг</span></tr></td><tr><td><span style="color:red;">Футбол - Эстония - Estonian Meistriliiga Women</span></tr></td><tr><td><span style="color:red;">Теннис - АТП - Хертогенбос, Нидерланды</span></tr></td><tr><td><span style="color:red;">Теннис - АТП - Хертогенбос, Нидерланды, Пары</span></tr></td><tr><td><span style="color:red;">Теннис - АТП - Штутгарт, Германия</span></tr></td><tr><td><span style="color:red;">Теннис - АТП - Штутгарт, Германия, Пары</span></tr></td><tr><td><span style="color:red;">Теннис - ВТА - Ноттингем, Великобритания</span></tr></td><tr><td><span style="color:red;">Теннис - ВТА - Ноттингем, Великобритания, Пары</span></tr></td><tr><td><span style="color:red;">Теннис - ВТА - Хертогенбос, Нидерланды</span></tr></td><tr><td><span style="color:red;">Теннис - ВТА - Хертогенбос, Нидерланды, Пары</span></tr></td><tr><td><span style="color:red;">Хоккей - США - АХЛ Плей-офф</span></tr></td><tr><td><span style="color:red;">Хоккей - США - НХЛ, Плей-офф</span></tr></td><tr><td><span style="color:red;">Баскетбол - Аргентина - Лига Националь, Плей-офф</span></tr></td><tr><td><span style="color:red;">Баскетбол - Бразилия - Новая Баскетбольная лига Бразилии, Плей-офф</span></tr></td><tr><td><span style="color:red;">Баскетбол - Германия - Бундеслига, плейофф</span></tr></td><tr><td><span style="color:red;">Баскетбол - Италия - Серия А, Плей-офф</span></tr></td><tr><td><span style="color:red;">Баскетбол - США - ВНБА</span></tr></td><tr><td><span style="color:red;">Баскетбол - США - НБА. Плейофф</span></tr></td><tr><td><span style="color:red;">Баскетбол - Турция - TBSL, Playoffs</span></tr></td><tr><td><span style="color:red;">Баскетбол - Франция - Франция Про А плейофф, мужчины</span></tr></td><tr><td><span style="color:red;">Австралийский футбол - Австралия - АФЛ</span></tr></td><tr><td><span style="color:red;">Автоспорт - Формула -1 - Сравнение - поул позишн</span></tr></td><tr><td><span style="color:red;">Автоспорт - Формула -1 - Сравнение гонщиков по гонке</span></tr></td><tr><td><span style="color:red;">Бадминтон - Международный - Australian Open (SS) 2016</span></tr></td><tr><td><span style="color:red;">Бадминтон - Международный - Australian Open (SS) 2016, Doubles</span></tr></td><tr><td><span style="color:red;">Бадминтон - Международный - Australian Open (SS) 2016, Mixed Doubles</span></tr></td><tr><td><span style="color:red;">Бадминтон - Международный - Australian Open (SS) 2016, Women</span></tr></td><tr><td><span style="color:red;">Бадминтон - Международный - Australian Open (SS) 2016, Women Doubles</span></tr></td><tr><td><span style="color:red;">Бейсбол - Мексика - Мексиканская Лига</span></tr></td><tr><td><span style="color:red;">Бейсбол - США - МЛБ</span></tr></td><tr><td><span style="color:red;">Бейсбол - Южная Корея - KBO League</span></tr></td><tr><td><span style="color:red;">Бейсбол - Япония - Профессиональный Бейсбол, Интерлига</span></tr></td><tr><td><span style="color:red;">Бокс - International - Matchups</span></tr></td><tr><td><span style="color:red;">Волейбол - Международный - World Grand Prix, Div 3, Women, Preliminary Round</span></tr></td><tr><td><span style="color:red;">Волейбол - Международный - Гран При Мира Женщины, Предварительный Раунд</span></tr></td><tr><td><span style="color:red;">Гандбол - Международный - Квалификация Европы на Чемпионат Мира</span></tr></td><tr><td><span style="color:red;">Дартс - Международный - Austrian Darts Open 2016</span></tr></td><tr><td><span style="color:red;">Крикет - Tri-Nation Series 2016</span></tr></td><tr><td><span style="color:red;">Крикет - Зимбабве - Zimbabwe v India 2016</span></tr></td><tr><td><span style="color:red;">Пляжный волейбол - Международный - FIVB Hamburg Major 2016</span></tr></td><tr><td><span style="color:red;">Пляжный волейбол - Международный - FIVB Hamburg Major 2016, Women</span></tr></td><tr><td><span style="color:red;">Регби - Регби Лига - RFL Championship</span></tr></td><tr><td><span style="color:red;">Регби - Регби Лига - Кубок Квинсленда</span></tr></td><tr><td><span style="color:red;">Регби - Регби Лига - НРЛ</span></tr></td><tr><td><span style="color:red;">Регби - Регби Лига - Супрелига</span></tr></td><tr><td><span style="color:red;">Регби - Союз регбистов - International Friendlies</span></tr></td><tr><td><span style="color:red;">Регби - Союз регбистов - Франция - Топ 14. Плейофф</span></tr></td><tr><td><span style="color:red;">Регби - Союз регбистов - Юношеский Чемпионат Мира</span></tr></td><tr><td><span style="color:red;">Смеш. боевые искусства - UFC</span></tr></td><tr><td><span style="color:red;">Футзал - Бразилия - Футзал Лига</span></tr></td><tr><td><span style="color:red;">Футзал - Испания - Дивизион Примера, Плэйоффы</span></tr></td><tr><td><span style="color:red;">Футзал - Португалия - 1 Дивизион плейофф</span></tr></td><tr><td><span style="color:red;">Долгосрочные ставки - Баскетбол - Германия ББЛ</span></tr></td><tr><td><span style="color:red;">Долгосрочные ставки - Баскетбол - Италия А1</span></tr></td><tr><td><span style="color:red;">Долгосрочные ставки - Баскетбол - США НБА</span></tr></td><tr><td><span style="color:red;">Долгосрочные ставки - Баскетбол - США НБА. Плейофф</span></tr></td><tr><td><span style="color:red;">Долгосрочные ставки - Баскетбол - Турция ТБЛ Лига</span></tr></td><tr><td><span style="color:red;">Долгосрочные ставки - Баскетбол - Франция Про А</span></tr></td><tr><td><span style="color:red;">Долгосрочные ставки - Велоспорт - Международный Тур де Франс</span></tr></td><tr><td><span style="color:red;">Долгосрочные ставки - Гольф - Мужчины British Open 2016</span></tr></td><tr><td><span style="color:red;">Долгосрочные ставки - Гольф - Мужчины US Open 2016</span></tr></td><tr><td><span style="color:red;">Долгосрочные ставки - Гольф - Мужчины US Pga Championship 2016</span></tr></td><tr><td><span style="color:red;">Долгосрочные ставки - Дартс - Международный World Matchplay 2016</span></tr></td><tr><td><span style="color:red;">Долгосрочные ставки - Крикет - International Чемпионат мира</span></tr></td><tr><td><span style="color:red;">Долгосрочные ставки - Регби - Регби Лига Challenge Cup 2016</span></tr></td><tr><td><span style="color:red;">Долгосрочные ставки - Регби - Регби Лига Стейт Ориджин</span></tr></td><tr><td><span style="color:red;">Долгосрочные ставки - Регби - Союз регбистов Super Rugby 2016</span></tr></td><tr><td><span style="color:red;">Долгосрочные ставки - Регби - Союз регбистов U20 World Championship 2016</span></tr></td><tr><td><span style="color:red;">Долгосрочные ставки - Регби - Союз регбистов Франция Топ 14</span></tr></td><tr><td><span style="color:red;">Долгосрочные ставки - Теннис - АТП ATP</span></tr></td><tr><td><span style="color:red;">Долгосрочные ставки - Теннис - ВТА WTA</span></tr></td><tr><td><span style="color:red;">Долгосрочные ставки - Футбол - Международные матчи (клубы) Кубок Либертадорес</span></tr></td><tr><td><span style="color:red;">Лига не содержит активных событий или закрыта для ставок</span></tr></td><tr><td><span style="color:red;">Долгосрочные ставки - Футбол - Международный Copa America 2016</span></tr></td><tr><td><span style="color:red;">Долгосрочные ставки - Футбол - Международный Uefa Euro 2016</span></tr></td><tr><td><span style="color:red;">Долгосрочные ставки - Футбол - Финляндия Suomen Cup 2016</span></tr></td><tr><td><span style="color:red;">Долгосрочные ставки - Хоккей - США НХЛ Кубок Стэнли</span></tr></td><tr><td><span style="color:red;">Долгосрочные ставки - Хоккей - США НХЛ, Плей-офф</span></tr></td></table><table><tr><td><span style="color:orchid">UAI Urquiza</span> - <span style="color:orchid">Deportivo Espanol</span> (<a href="c:\\OpenServer\\domains\\forker\\protected\\yiic.php?r=league/update&amp;id=4">Аргентина - Примера Б Метрополитана</a>)</tr></td><tr><td><span style="color:orchid">Сантамарина</span> - <span style="color:orchid">Чакарита</span> (<a href="c:\\OpenServer\\domains\\forker\\protected\\yiic.php?r=league/update&amp;id=5">Аргентина - Примера Б Насьональ</a>)</tr></td><tr><td><span style="color:orchid">Ол Бойз</span> - <span style="color:orchid">Бока Юнидос</span> (<a href="c:\\OpenServer\\domains\\forker\\protected\\yiic.php?r=league/update&amp;id=5">Аргентина - Примера Б Насьональ</a>)</tr></td><tr><td><span style="color:orchid">Химнасия Хухуй</span> - <span style="color:orchid">Сентраль Кордова</span> (<a href="c:\\OpenServer\\domains\\forker\\protected\\yiic.php?r=league/update&amp;id=5">Аргентина - Примера Б Насьональ</a>)</tr></td><tr><td><span style="color:orchid">Дуглас Хейг</span> - <span style="color:orchid">Вилла Дальмине</span> (<a href="c:\\OpenServer\\domains\\forker\\protected\\yiic.php?r=league/update&amp;id=5">Аргентина - Примера Б Насьональ</a>)</tr></td><tr><td><span style="color:orchid">Крусеро дел Норте</span> - <span style="color:orchid">Нуэва Чикаго</span> (<a href="c:\\OpenServer\\domains\\forker\\protected\\yiic.php?r=league/update&amp;id=5">Аргентина - Примера Б Насьональ</a>)</tr></td><tr><td><a href="c:\\OpenServer\\domains\\forker\\protected\\yiic.php?r=team/update&amp;id=49">Сан-Паулу</a> - <span style="color:orchid">Атлетико ПР</span> (<a href="c:\\OpenServer\\domains\\forker\\protected\\yiic.php?r=league/update&amp;id=8">Бразилия - Чемпионат Бразилии</a>)</tr></td><tr><td><span style="color:orchid">Brasil de Pelotas</span> - <span style="color:orchid">Tupi</span> (<a href="c:\\OpenServer\\domains\\forker\\protected\\yiic.php?r=league/update&amp;id=9">Бразилия - Чемпионат Бразилии Б</a>)</tr></td><tr><td><span style="color:orchid">Londrina</span> - <a href="c:\\OpenServer\\domains\\forker\\protected\\yiic.php?r=team/update&amp;id=69">Вила-Нова</a> (<a href="c:\\OpenServer\\domains\\forker\\protected\\yiic.php?r=league/update&amp;id=9">Бразилия - Чемпионат Бразилии Б</a>)</tr></td><tr><td><span style="color:orchid">Жирона</span> - <span style="color:orchid">Кордоба</span> (<a href="c:\\OpenServer\\domains\\forker\\protected\\yiic.php?r=league/update&amp;id=10">Испания - Испания Второй дивизион</a>)</tr></td><tr><td><span style="color:orchid">Шахтер Караганды</span> - <span style="color:orchid">Кайрат</span> (<a href="c:\\OpenServer\\domains\\forker\\protected\\yiic.php?r=league/update&amp;id=11">Казахстан - Казахстан Премьер-Лига</a>)</tr></td><tr><td><a href="c:\\OpenServer\\domains\\forker\\protected\\yiic.php?r=team/update&amp;id=84">Ханчжоу Гринтоун</a> - <span style="color:orchid">Guangzhou R&F</span> (<a href="c:\\OpenServer\\domains\\forker\\protected\\yiic.php?r=league/update&amp;id=12">Китай - Чемпионат Китая</a>)</tr></td><tr><td><span style="color:orchid">Shanghai East Asia</span> - <span style="color:orchid">Jiangsu Suning</span> (<a href="c:\\OpenServer\\domains\\forker\\protected\\yiic.php?r=league/update&amp;id=12">Китай - Чемпионат Китая</a>)</tr></td><tr><td><a href="c:\\OpenServer\\domains\\forker\\protected\\yiic.php?r=team/update&amp;id=85">Гуанчжоу</a> - <span style="color:orchid">Shijiazhuang Yongchang</span> (<a href="c:\\OpenServer\\domains\\forker\\protected\\yiic.php?r=league/update&amp;id=12">Китай - Чемпионат Китая</a>)</tr></td><tr><td><a href="c:\\OpenServer\\domains\\forker\\protected\\yiic.php?r=team/update&amp;id=86">Тяньцзинь Тэда</a> - <span style="color:orchid">Yanbian Fude</span> (<a href="c:\\OpenServer\\domains\\forker\\protected\\yiic.php?r=league/update&amp;id=12">Китай - Чемпионат Китая</a>)</tr></td><tr><td><span style="color:orchid">Atletico Nacional (Col)</span> - <span style="color:orchid">Хуниор</span> (<a href="c:\\OpenServer\\domains\\forker\\protected\\yiic.php?r=league/update&amp;id=13">Колумбия - Примера А дивизион</a>)</tr></td><tr><td><a href="c:\\OpenServer\\domains\\forker\\protected\\yiic.php?r=team/update&amp;id=93">Индепендьенте Медельин</a> - <span style="color:orchid">Cortulua</span> (<a href="c:\\OpenServer\\domains\\forker\\protected\\yiic.php?r=league/update&amp;id=13">Колумбия - Примера А дивизион</a>)</tr></td><tr><td><span style="color:orchid">FK Liepaja</span> - <span style="color:orchid">Елгава</span> (<a href="c:\\OpenServer\\domains\\forker\\protected\\yiic.php?r=league/update&amp;id=14">Латвия - Высшая лига</a>)</tr></td><tr><td><span style="color:orchid">Сандефьорд</span> - <span style="color:orchid">Кристиансунд  Кристиансанд</span> (<a href="c:\\OpenServer\\domains\\forker\\protected\\yiic.php?r=league/update&amp;id=15">Норвегия - 1-й дивизион</a>)</tr></td><tr><td><span style="color:orchid">Леванер</span> - <span style="color:orchid">Стреммен</span> (<a href="c:\\OpenServer\\domains\\forker\\protected\\yiic.php?r=league/update&amp;id=15">Норвегия - 1-й дивизион</a>)</tr></td><tr><td><span style="color:orchid">Реуфосс</span> - <span style="color:orchid">Йерв</span> (<a href="c:\\OpenServer\\domains\\forker\\protected\\yiic.php?r=league/update&amp;id=15">Норвегия - 1-й дивизион</a>)</tr></td><tr><td><span style="color:orchid">Санднес Юлф</span> - <span style="color:orchid">Ранхейм</span> (<a href="c:\\OpenServer\\domains\\forker\\protected\\yiic.php?r=league/update&amp;id=15">Норвегия - 1-й дивизион</a>)</tr></td><tr><td><span style="color:orchid">Улленсакер-Киса</span> - <span style="color:orchid">Кунгсвингер</span> (<a href="c:\\OpenServer\\domains\\forker\\protected\\yiic.php?r=league/update&amp;id=15">Норвегия - 1-й дивизион</a>)</tr></td><tr><td><span style="color:orchid">Фредрикстад</span> - <span style="color:orchid">Брюн</span> (<a href="c:\\OpenServer\\domains\\forker\\protected\\yiic.php?r=league/update&amp;id=15">Норвегия - 1-й дивизион</a>)</tr></td><tr><td><span style="color:orchid">Хедд</span> - <span style="color:orchid">КФУМ Осло</span> (<a href="c:\\OpenServer\\domains\\forker\\protected\\yiic.php?r=league/update&amp;id=15">Норвегия - 1-й дивизион</a>)</tr></td><tr><td><span style="color:orchid">Charlotte Independence</span> - <span style="color:orchid">Bethlehem Steel FC</span> (<a href="c:\\OpenServer\\domains\\forker\\protected\\yiic.php?r=league/update&amp;id=16">США - ЮСЛ</a>)</tr></td><tr><td><span style="color:orchid">Ричмонд Кикерс</span> - <span style="color:orchid">Питтсбург Риверхаунд</span> (<a href="c:\\OpenServer\\domains\\forker\\protected\\yiic.php?r=league/update&amp;id=16">США - ЮСЛ</a>)</tr></td><tr><td><span style="color:orchid">Янг Лайонз</span> - <span style="color:orchid">Хом Юнайтед</span> (<a href="c:\\OpenServer\\domains\\forker\\protected\\yiic.php?r=league/update&amp;id=17">Сингапур - Чемпионат Сингапура</a>)</tr></td><tr><td><span style="color:orchid">PK-35 Vantaa</span> - <span style="color:orchid">КуПС</span> (<a href="c:\\OpenServer\\domains\\forker\\protected\\yiic.php?r=league/update&amp;id=19">Финляндия - Высшая лига</a>)</tr></td><tr><td><span style="color:orchid">ИФК Мариехамн</span> - <span style="color:orchid">СЖК</span> (<a href="c:\\OpenServer\\domains\\forker\\protected\\yiic.php?r=league/update&amp;id=19">Финляндия - Высшая лига</a>)</tr></td><tr><td><span style="color:orchid">ПС Кеми</span> - <span style="color:orchid">Лахти</span> (<a href="c:\\OpenServer\\domains\\forker\\protected\\yiic.php?r=league/update&amp;id=19">Финляндия - Высшая лига</a>)</tr></td><tr><td><span style="color:orchid">ХИК Хельсинки</span> - <span style="color:orchid">РоПС</span> (<a href="c:\\OpenServer\\domains\\forker\\protected\\yiic.php?r=league/update&amp;id=19">Финляндия - Высшая лига</a>)</tr></td><tr><td><span style="color:orchid">FC Jazz</span> - <a href="c:\\OpenServer\\domains\\forker\\protected\\yiic.php?r=team/update&amp;id=122">КПВ</a> (<a href="c:\\OpenServer\\domains\\forker\\protected\\yiic.php?r=league/update&amp;id=21">Финляндия - Первый дивизион</a>)</tr></td><tr><td><span style="color:orchid">ЙЙК</span> - <span style="color:orchid">Оулу</span> (<a href="c:\\OpenServer\\domains\\forker\\protected\\yiic.php?r=league/update&amp;id=21">Финляндия - Первый дивизион</a>)</tr></td><tr><td><span style="color:orchid">КТП</span> - <span style="color:orchid">Хака</span> (<a href="c:\\OpenServer\\domains\\forker\\protected\\yiic.php?r=league/update&amp;id=21">Финляндия - Первый дивизион</a>)</tr></td><tr><td><span style="color:orchid">ЭИФ</span> - <span style="color:orchid">ТПС</span> (<a href="c:\\OpenServer\\domains\\forker\\protected\\yiic.php?r=league/update&amp;id=21">Финляндия - Первый дивизион</a>)</tr></td><tr><td><span style="color:orchid">Яро</span> - <span style="color:orchid">ГрлФК</span> (<a href="c:\\OpenServer\\domains\\forker\\protected\\yiic.php?r=league/update&amp;id=21">Финляндия - Первый дивизион</a>)</tr></td><tr><td><span style="color:orchid">Викингит</span> - <span style="color:orchid">Хонка</span> (<a href="c:\\OpenServer\\domains\\forker\\protected\\yiic.php?r=league/update&amp;id=28">Финляндия Какконен B</a>)</tr></td><tr><td><span style="color:orchid">Hogaborgs BK</span> - <span style="color:orchid">Ullareds IK</span> (<a href="c:\\OpenServer\\domains\\forker\\protected\\yiic.php?r=league/update&amp;id=29">Швеция - Второй дивизион</a>)</tr></td><tr><td><span style="color:orchid">Dalstorps IF</span> - <span style="color:orchid">Helsingborgs IF Akademi</span> (<a href="c:\\OpenServer\\domains\\forker\\protected\\yiic.php?r=league/update&amp;id=29">Швеция - Второй дивизион</a>)</tr></td><tr><td><span style="color:orchid">Hassleholms IF</span> - <span style="color:orchid">Nybro</span> (<a href="c:\\OpenServer\\domains\\forker\\protected\\yiic.php?r=league/update&amp;id=29">Швеция - Второй дивизион</a>)</tr></td><tr><td><span style="color:orchid">Лунд</span> - <span style="color:orchid">Lindsdals IF</span> (<a href="c:\\OpenServer\\domains\\forker\\protected\\yiic.php?r=league/update&amp;id=29">Швеция - Второй дивизион</a>)</tr></td><tr><td><span style="color:orchid">Hudiksvalls FF</span> - <span style="color:orchid">Gallivare Malmbergets</span> (<a href="c:\\OpenServer\\domains\\forker\\protected\\yiic.php?r=league/update&amp;id=29">Швеция - Второй дивизион</a>)</tr></td><tr><td><span style="color:orchid">Гамла Уппсала</span> - <span style="color:orchid">Sundbybergs IK</span> (<a href="c:\\OpenServer\\domains\\forker\\protected\\yiic.php?r=league/update&amp;id=29">Швеция - Второй дивизион</a>)</tr></td><tr><td><span style="color:orchid">Sodertalje FK</span> - <span style="color:orchid">Эскилстуна Сити</span> (<a href="c:\\OpenServer\\domains\\forker\\protected\\yiic.php?r=league/update&amp;id=29">Швеция - Второй дивизион</a>)</tr></td><tr><td><span style="color:orchid">AFC Utd</span> - <a href="c:\\OpenServer\\domains\\forker\\protected\\yiic.php?r=team/update&amp;id=123">Эргрюте</a> (<a href="c:\\OpenServer\\domains\\forker\\protected\\yiic.php?r=league/update&amp;id=22">Швеция - Первая лига</a>)</tr></td><tr><td><span style="color:orchid">ИФК Лулеа</span> - <span style="color:orchid">Team TG FF</span> (<a href="c:\\OpenServer\\domains\\forker\\protected\\yiic.php?r=league/update&amp;id=23">Швеция - Первый дивизион Север</a>)</tr></td><tr><td><a href="c:\\OpenServer\\domains\\forker\\protected\\yiic.php?r=team/update&amp;id=138">Акрополис</a> - <span style="color:orchid">Carlstad Utd</span> (<a href="c:\\OpenServer\\domains\\forker\\protected\\yiic.php?r=league/update&amp;id=23">Швеция - Первый дивизион Север</a>)</tr></td><tr><td><span style="color:orchid">Вастерас</span> - <span style="color:orchid">Васалунд</span> (<a href="c:\\OpenServer\\domains\\forker\\protected\\yiic.php?r=league/update&amp;id=23">Швеция - Первый дивизион Север</a>)</tr></td><tr><td><span style="color:orchid">Форвард</span> - <span style="color:orchid">ИК Браге</span> (<a href="c:\\OpenServer\\domains\\forker\\protected\\yiic.php?r=league/update&amp;id=23">Швеция - Первый дивизион Север</a>)</tr></td><tr><td><span style="color:orchid">Jeonnam Dragons</span> - <span style="color:orchid">Поханг Стилерс</span> (<a href="c:\\OpenServer\\domains\\forker\\protected\\yiic.php?r=league/update&amp;id=24">Южная Корея - Чемпионат Юж. Кореи</a>)</tr></td><tr><td><span style="color:orchid">Гифу</span> - <span style="color:orchid">С-Осака</span> (<a href="c:\\OpenServer\\domains\\forker\\protected\\yiic.php?r=league/update&amp;id=26">Япония - Чемпионат Японии 2-й дивизион</a>)</tr></td><tr><td><span style="color:orchid">Мито</span> - <span style="color:orchid">Мачида</span> (<a href="c:\\OpenServer\\domains\\forker\\protected\\yiic.php?r=league/update&amp;id=26">Япония - Чемпионат Японии 2-й дивизион</a>)</tr></td><tr><td><span style="color:orchid">Шимицу</span> - <span style="color:orchid">Йокогама</span> (<a href="c:\\OpenServer\\domains\\forker\\protected\\yiic.php?r=league/update&amp;id=26">Япония - Чемпионат Японии 2-й дивизион</a>)</tr></td><tr><td><span style="color:orchid">Китакюсю</span> - <span style="color:orchid">Kanazawa</span> (<a href="c:\\OpenServer\\domains\\forker\\protected\\yiic.php?r=league/update&amp;id=26">Япония - Чемпионат Японии 2-й дивизион</a>)</tr></td><tr><td><span style="color:orchid">Thespakusatsu Gunma</span> - <span style="color:orchid">Кумамото</span> (<a href="c:\\OpenServer\\domains\\forker\\protected\\yiic.php?r=league/update&amp;id=26">Япония - Чемпионат Японии 2-й дивизион</a>)</tr></td><tr><td><span style="color:orchid">Джеф Юнайтед Тиба</span> - <span style="color:orchid">Токио-В</span> (<a href="c:\\OpenServer\\domains\\forker\\protected\\yiic.php?r=league/update&amp;id=26">Япония - Чемпионат Японии 2-й дивизион</a>)</tr></td><tr><td><span style="color:orchid">Киото</span> - <span style="color:orchid">Renofa Yamaguchi</span> (<a href="c:\\OpenServer\\domains\\forker\\protected\\yiic.php?r=league/update&amp;id=26">Япония - Чемпионат Японии 2-й дивизион</a>)</tr></td><tr><td><span style="color:orchid">Окаяма</span> - <span style="color:orchid">Мацумото Ямага</span> (<a href="c:\\OpenServer\\domains\\forker\\protected\\yiic.php?r=league/update&amp;id=26">Япония - Чемпионат Японии 2-й дивизион</a>)</tr></td><tr><td><span style="color:orchid">Эхимэ</span> - <span style="color:orchid">Токусима Вортис</span> (<a href="c:\\OpenServer\\domains\\forker\\protected\\yiic.php?r=league/update&amp;id=26">Япония - Чемпионат Японии 2-й дивизион</a>)</tr></td><tr><td><span style="color:orchid">Саппоро</span> - <span style="color:orchid">Нагасаки</span> (<a href="c:\\OpenServer\\domains\\forker\\protected\\yiic.php?r=league/update&amp;id=26">Япония - Чемпионат Японии 2-й дивизион</a>)</tr></td></table>', 78, 0, '2016-06-11 01:59:55');

-- --------------------------------------------------------

--
-- Структура таблицы `sport`
--

CREATE TABLE IF NOT EXISTS `sport` (
  `id` int(11) NOT NULL,
  `name` varchar(255) NOT NULL
) ENGINE=InnoDB AUTO_INCREMENT=3 DEFAULT CHARSET=utf8 PACK_KEYS=0;

--
-- Дамп данных таблицы `sport`
--

INSERT INTO `sport` (`id`, `name`) VALUES
(1, 'Футбол'),
(2, 'Баскетбол');

-- --------------------------------------------------------

--
-- Структура таблицы `team`
--

CREATE TABLE IF NOT EXISTS `team` (
  `id` int(11) NOT NULL,
  `name` varchar(255) NOT NULL
) ENGINE=InnoDB AUTO_INCREMENT=165 DEFAULT CHARSET=utf8 PACK_KEYS=0;

--
-- Дамп данных таблицы `team`
--

INSERT INTO `team` (`id`, `name`) VALUES
(64, 'CRB'),
(1, 'test'),
(70, 'Аваи'),
(22, 'Австрия'),
(138, 'Акрополис'),
(4, 'Албания'),
(112, 'Альбирекс Ниигата'),
(44, 'Америка МГ'),
(137, 'Ангелхольм'),
(8, 'Англия'),
(100, 'Аргентина'),
(110, 'Асане'),
(133, 'Ассириска'),
(82, 'Астана'),
(74, 'Атлетико Гойяненсе'),
(55, 'Атлетико МЖ'),
(50, 'Атлетико ПР'),
(163, 'Аудакс Сан-Паулу U20'),
(63, 'Баия'),
(114, 'Балестиер Халса'),
(32, 'Белшина Бобруйск'),
(20, 'Бельгия'),
(99, 'Боливия'),
(61, 'Ботафого РЖ'),
(76, 'Брагантино СП'),
(104, 'Бразилия'),
(36, 'Браун Адроге'),
(91, 'Бэйцзин Гоань'),
(124, 'Варберг'),
(129, 'Варнамо'),
(41, 'Васко да Гама U20'),
(75, 'Васку де Гама'),
(23, 'Венгрия'),
(95, 'Венесуэла'),
(69, 'Вила-Нова'),
(62, 'Витория БА'),
(118, 'ВПС'),
(141, 'Г-Осака'),
(126, 'ГАИС'),
(103, 'Гаити'),
(111, 'Гаррисберг'),
(14, 'Германия'),
(65, 'Гойас'),
(48, 'Гремио'),
(85, 'Гуанчжоу'),
(135, 'Далкурд'),
(125, 'Дегефорс'),
(30, 'Динамо Брест'),
(37, 'Динамо Минск'),
(71, 'Жойнвил'),
(145, 'Ивата'),
(117, 'Ильвс'),
(93, 'Индепендьенте Медельин'),
(34, 'Институто'),
(43, 'Интернасьональ'),
(140, 'Инчхон Юнайтед'),
(18, 'Ирландия'),
(25, 'Исландия'),
(40, 'Ислочь Минск'),
(16, 'Испания'),
(21, 'Италия'),
(121, 'Йиппо'),
(147, 'Йокогама ФМ'),
(148, 'Кавасаки'),
(160, 'Каматамаре Сануки'),
(158, 'Касима'),
(153, 'Кашива'),
(151, 'Кобе'),
(28, 'Колумбия'),
(60, 'Коринтианс'),
(57, 'Коритиба'),
(27, 'Коста Рика'),
(149, 'Кофу'),
(122, 'КПВ'),
(68, 'Крициума'),
(56, 'Крузейро'),
(42, 'Крузейро U20'),
(33, 'Лос-Андес'),
(78, 'Луверденсе'),
(132, 'Люнгскиле'),
(96, 'Мексика'),
(109, 'Мендален'),
(38, 'Минск'),
(155, 'Нагоя'),
(72, 'Наутико'),
(143, 'Ниигата'),
(116, 'Нитра'),
(66, 'Оесте'),
(144, 'Омийа'),
(81, 'Осасуна'),
(130, 'Отвидаберг'),
(77, 'Пайсанду'),
(59, 'Палмейрас'),
(101, 'Панама'),
(29, 'Парагвай'),
(73, 'Парана'),
(105, 'Перу'),
(161, 'Платенсе'),
(12, 'Польша'),
(45, 'Понте Прета'),
(24, 'Португалия'),
(9, 'Россия'),
(3, 'Румыния'),
(67, 'Сампайо-Корреа'),
(164, 'Сан-Бернардо U20'),
(49, 'Сан-Паулу'),
(51, 'Санта Крус ПЕ'),
(52, 'Сантос'),
(79, 'Сеара'),
(13, 'Сев. Ирландия'),
(134, 'Сирианска ФК'),
(127, 'Сириус'),
(7, 'Словакия'),
(58, 'Спорт Ресифе'),
(139, 'Сувон Блувингз'),
(26, 'США'),
(154, 'Сэндай'),
(35, 'Тальерес'),
(146, 'Токио'),
(39, 'Торпедо-БелАЗ'),
(156, 'Тосу'),
(136, 'Треллеборг'),
(162, 'Тристан Суарес'),
(10, 'Турция'),
(86, 'Тяньцзинь Тэда'),
(15, 'Украина'),
(157, 'Урава'),
(94, 'Уругвай'),
(6, 'Уэльс'),
(53, 'Фигуэйренсе'),
(108, 'ФК Вентспилс'),
(83, 'ФК Жетысу'),
(119, 'ФК Интер'),
(113, 'ФК Уориорс'),
(54, 'Фламенго'),
(47, 'Флуминенсе'),
(2, 'Франция'),
(128, 'Фрей'),
(150, 'Фукуока'),
(131, 'Хальмстад'),
(84, 'Ханчжоу Гринтоун'),
(80, 'Химнастик'),
(152, 'Хиросима'),
(120, 'ХИФК'),
(11, 'Хорватия'),
(115, 'Хоуган Юнайтед'),
(89, 'Хэбэй Илиньшаньчжуан'),
(87, 'Хэнань'),
(92, 'Чанчунь Ятай'),
(46, 'Чапекоензе'),
(17, 'Чехия'),
(98, 'Чили'),
(90, 'Шандонг Луненг'),
(88, 'Шанхай Шеньхуа'),
(31, 'Шахтер Солигорск'),
(5, 'Швейцария'),
(19, 'Швеция'),
(142, 'Шонан'),
(102, 'Эквадор'),
(123, 'Эргрюте'),
(159, 'Ямагата'),
(97, 'Ямайка');

--
-- Индексы сохранённых таблиц
--

--
-- Индексы таблицы `alias_league`
--
ALTER TABLE `alias_league`
  ADD PRIMARY KEY (`id`),
  ADD UNIQUE KEY `id` (`id`),
  ADD UNIQUE KEY `alias` (`alias`),
  ADD KEY `league_id` (`league_id`);

--
-- Индексы таблицы `alias_team`
--
ALTER TABLE `alias_team`
  ADD PRIMARY KEY (`id`),
  ADD UNIQUE KEY `id` (`id`),
  ADD UNIQUE KEY `alias` (`alias`),
  ADD KEY `team_id` (`team_id`);

--
-- Индексы таблицы `banned_league`
--
ALTER TABLE `banned_league`
  ADD PRIMARY KEY (`id`),
  ADD UNIQUE KEY `id` (`id`),
  ADD KEY `bets_provider_id` (`bets_provider_id`);

--
-- Индексы таблицы `bets_provider`
--
ALTER TABLE `bets_provider`
  ADD PRIMARY KEY (`id`),
  ADD UNIQUE KEY `id` (`id`);

--
-- Индексы таблицы `bet_type`
--
ALTER TABLE `bet_type`
  ADD PRIMARY KEY (`id`),
  ADD UNIQUE KEY `id` (`id`);

--
-- Индексы таблицы `event`
--
ALTER TABLE `event`
  ADD PRIMARY KEY (`id`),
  ADD UNIQUE KEY `id` (`id`),
  ADD KEY `league_id` (`league_id`);

--
-- Индексы таблицы `league`
--
ALTER TABLE `league`
  ADD PRIMARY KEY (`id`),
  ADD UNIQUE KEY `id` (`id`),
  ADD UNIQUE KEY `name` (`name`),
  ADD KEY `sport_id` (`sport_id`);

--
-- Индексы таблицы `line`
--
ALTER TABLE `line`
  ADD PRIMARY KEY (`id`),
  ADD UNIQUE KEY `id` (`id`),
  ADD KEY `event_id` (`event_id`),
  ADD KEY `bet_type_id` (`bet_type_id`);

--
-- Индексы таблицы `parse_report`
--
ALTER TABLE `parse_report`
  ADD PRIMARY KEY (`id`),
  ADD UNIQUE KEY `id` (`id`),
  ADD KEY `bet_provider_id` (`bet_provider_id`);

--
-- Индексы таблицы `sport`
--
ALTER TABLE `sport`
  ADD PRIMARY KEY (`id`),
  ADD UNIQUE KEY `id` (`id`);

--
-- Индексы таблицы `team`
--
ALTER TABLE `team`
  ADD PRIMARY KEY (`id`),
  ADD UNIQUE KEY `id` (`id`),
  ADD UNIQUE KEY `name` (`name`);

--
-- AUTO_INCREMENT для сохранённых таблиц
--

--
-- AUTO_INCREMENT для таблицы `alias_league`
--
ALTER TABLE `alias_league`
  MODIFY `id` int(11) NOT NULL AUTO_INCREMENT,AUTO_INCREMENT=34;
--
-- AUTO_INCREMENT для таблицы `alias_team`
--
ALTER TABLE `alias_team`
  MODIFY `id` int(11) NOT NULL AUTO_INCREMENT,AUTO_INCREMENT=169;
--
-- AUTO_INCREMENT для таблицы `banned_league`
--
ALTER TABLE `banned_league`
  MODIFY `id` int(11) NOT NULL AUTO_INCREMENT;
--
-- AUTO_INCREMENT для таблицы `bets_provider`
--
ALTER TABLE `bets_provider`
  MODIFY `id` int(11) NOT NULL AUTO_INCREMENT,AUTO_INCREMENT=2;
--
-- AUTO_INCREMENT для таблицы `bet_type`
--
ALTER TABLE `bet_type`
  MODIFY `id` int(11) NOT NULL AUTO_INCREMENT,AUTO_INCREMENT=5;
--
-- AUTO_INCREMENT для таблицы `event`
--
ALTER TABLE `event`
  MODIFY `id` int(11) NOT NULL AUTO_INCREMENT,AUTO_INCREMENT=100;
--
-- AUTO_INCREMENT для таблицы `league`
--
ALTER TABLE `league`
  MODIFY `id` int(11) NOT NULL AUTO_INCREMENT,AUTO_INCREMENT=30;
--
-- AUTO_INCREMENT для таблицы `line`
--
ALTER TABLE `line`
  MODIFY `id` int(11) NOT NULL AUTO_INCREMENT,AUTO_INCREMENT=749;
--
-- AUTO_INCREMENT для таблицы `parse_report`
--
ALTER TABLE `parse_report`
  MODIFY `id` int(11) NOT NULL AUTO_INCREMENT,AUTO_INCREMENT=2;
--
-- AUTO_INCREMENT для таблицы `sport`
--
ALTER TABLE `sport`
  MODIFY `id` int(11) NOT NULL AUTO_INCREMENT,AUTO_INCREMENT=3;
--
-- AUTO_INCREMENT для таблицы `team`
--
ALTER TABLE `team`
  MODIFY `id` int(11) NOT NULL AUTO_INCREMENT,AUTO_INCREMENT=165;
--
-- Ограничения внешнего ключа сохраненных таблиц
--

--
-- Ограничения внешнего ключа таблицы `alias_league`
--
ALTER TABLE `alias_league`
  ADD CONSTRAINT `alias_league_fk1` FOREIGN KEY (`league_id`) REFERENCES `league` (`id`);

--
-- Ограничения внешнего ключа таблицы `alias_team`
--
ALTER TABLE `alias_team`
  ADD CONSTRAINT `alias_team_fk1` FOREIGN KEY (`team_id`) REFERENCES `team` (`id`);

--
-- Ограничения внешнего ключа таблицы `banned_league`
--
ALTER TABLE `banned_league`
  ADD CONSTRAINT `banned_league_fk1` FOREIGN KEY (`bets_provider_id`) REFERENCES `bets_provider` (`id`);

--
-- Ограничения внешнего ключа таблицы `event`
--
ALTER TABLE `event`
  ADD CONSTRAINT `event_fk2` FOREIGN KEY (`league_id`) REFERENCES `league` (`id`);

--
-- Ограничения внешнего ключа таблицы `league`
--
ALTER TABLE `league`
  ADD CONSTRAINT `league_fk1` FOREIGN KEY (`sport_id`) REFERENCES `sport` (`id`);

--
-- Ограничения внешнего ключа таблицы `line`
--
ALTER TABLE `line`
  ADD CONSTRAINT `line_fk1` FOREIGN KEY (`event_id`) REFERENCES `event` (`id`),
  ADD CONSTRAINT `line_fk2` FOREIGN KEY (`bet_type_id`) REFERENCES `bet_type` (`id`);

--
-- Ограничения внешнего ключа таблицы `parse_report`
--
ALTER TABLE `parse_report`
  ADD CONSTRAINT `parse_report_fk1` FOREIGN KEY (`bet_provider_id`) REFERENCES `bets_provider` (`id`);

/*!40101 SET CHARACTER_SET_CLIENT=@OLD_CHARACTER_SET_CLIENT */;
/*!40101 SET CHARACTER_SET_RESULTS=@OLD_CHARACTER_SET_RESULTS */;
/*!40101 SET COLLATION_CONNECTION=@OLD_COLLATION_CONNECTION */;
